pair,ts,net_frac,exit_type,hold_min,slots_at_entry,pair_open_at_entry,regime
NEARUSDT,2026-08-12 13:00:00+00:00,0.0005000000000000001,BE_STOP,15.0,2,0,
SOLUSDT,2026-08-12 13:18:00+00:00,0.0005000000000000001,BE_STOP,20.0,7,0,
BTCUSDT,2026-08-12 13:33:00+00:00,0.0005000000000000001,BE_STOP,27.0,8,4,
BTCUSDT,2026-08-12 13:43:00+00:00,0.0005000000000000001,BE_STOP,51.0,5,2,
BTCUSDT,2026-08-12 13:45:00+00:00,0.0005000000000000001,BE_STOP,62.0,1,0,
ETHUSDT,2026-08-12 13:47:00+00:00,0.0005000000000000001,BE_STOP,60.0,3,0,
NEARUSDT,2026-08-12 13:56:00+00:00,0.004600000000000001,TP,11.0,8,2,
BTCUSDT,2026-08-12 14:02:00+00:00,0.004600000000000001,TP,59.0,7,3,
BTCUSDT,2026-08-12 14:03:00+00:00,0.004600000000000001,TP,73.0,4,1,
BTCUSDT,2026-08-12 14:03:00+00:00,0.004600000000000001,TP,45.0,8,5,
SOLUSDT,2026-08-12 14:03:00+00:00,0.004600000000000001,TP,20.0,8,0,
BTCUSDT,2026-08-12 14:11:00+00:00,0.0005000000000000001,BE_STOP,14.0,8,4,
NEARUSDT,2026-08-12 14:31:00+00:00,0.004600000000000001,TP,20.0,8,2,
SOLUSDT,2026-08-12 14:32:00+00:00,0.0005000000000000001,BE_STOP,27.0,6,0,
NEARUSDT,2026-08-12 14:35:00+00:00,-0.0264,MAE_KILL,99.0,6,1,
NEARUSDT,2026-08-12 14:35:00+00:00,-0.0264,MAE_KILL,62.0,8,1,
BTCUSDT,2026-08-12 14:59:00+00:00,0.004600000000000001,TP,50.0,8,4,
ETHUSDT,2026-08-12 15:02:00+00:00,0.0005000000000000001,BE_STOP,27.0,7,0,
BTCUSDT,2026-08-12 15:18:00+00:00,0.0005000000000000001,BE_STOP,71.0,7,3,
BTCUSDT,2026-08-12 15:18:00+00:00,0.0005000000000000001,BE_STOP,45.0,8,5,
BTCUSDT,2026-08-12 15:18:00+00:00,0.0005000000000000001,BE_STOP,41.0,8,6,
BTCUSDT,2026-08-12 15:43:00+00:00,0.0005000000000000001,BE_STOP,72.0,8,4,
NEARUSDT,2026-08-12 17:21:00+00:00,0.0005000000000000001,BE_STOP,118.0,8,0,
ETHUSDT,2026-08-12 20:27:00+00:00,0.0005000000000000001,BE_STOP,185.0,8,2,
ETHUSDT,2026-08-12 20:29:00+00:00,0.0005000000000000001,BE_STOP,330.0,8,1,
BTCUSDT,2026-08-12 20:38:00+00:00,0.0005000000000000001,BE_STOP,395.0,5,2,
ETHUSDT,2026-08-12 21:06:00+00:00,0.0005000000000000001,BE_STOP,39.0,8,2,CHOP
NEARUSDT,2026-08-12 21:59:00+00:00,0.004600000000000001,TP,53.0,8,0,CHOP
SOLUSDT,2026-08-13 04:22:00+00:00,0.0005000000000000001,BE_STOP,464.0,8,0,CHOP
ETHUSDT,2026-08-13 05:06:00+00:00,0.004600000000000001,TP,517.0,8,2,CHOP
BTCUSDT,2026-08-13 05:15:00+00:00,0.004600000000000001,TP,837.0,6,4,
BTCUSDT,2026-08-13 05:15:00+00:00,0.004600000000000001,TP,811.0,8,4,
ETHUSDT,2026-08-13 05:22:00+00:00,0.0005000000000000001,BE_STOP,842.0,7,1,
NEARUSDT,2026-08-13 08:48:00+00:00,0.0005000000000000001,BE_STOP,213.0,7,0,CHOP
NEARUSDT,2026-08-13 09:09:00+00:00,0.004600000000000001,TP,21.0,8,1,CHOP
NEARUSDT,2026-08-13 09:14:00+00:00,0.004600000000000001,TP,231.0,8,1,CHOP
ETHUSDT,2026-08-13 11:45:00+00:00,0.0005000000000000001,BE_STOP,150.0,8,2,CHOP
BTCUSDT,2026-08-13 11:47:00+00:00,0.0005000000000000001,BE_STOP,445.0,8,5,CHOP
NEARUSDT,2026-08-13 11:51:00+00:00,0.004600000000000001,TP,6.0,8,0,CHOP
ETHUSDT,2026-08-13 12:07:00+00:00,0.0005000000000000001,BE_STOP,177.0,8,1,CHOP
BTCUSDT,2026-08-13 12:31:00+00:00,0.0005000000000000001,BE_STOP,40.0,8,4,CHOP
ETHUSDT,2026-08-13 12:32:00+00:00,0.0005000000000000001,BE_STOP,45.0,8,2,TREND
NEARUSDT,2026-08-13 13:11:00+00:00,0.0005000000000000001,BE_STOP,40.0,8,1,CHOP
BTCUSDT,2026-08-13 13:15:00+00:00,0.0005000000000000001,BE_STOP,40.0,8,4,CHOP
ETHUSDT,2026-08-13 14:50:00+00:00,0.0005000000000000001,BE_STOP,95.0,8,1,CHOP
BTCUSDT,2026-08-13 14:59:00+00:00,0.0005000000000000001,BE_STOP,108.0,8,5,CHOP
NEARUSDT,2026-08-13 14:59:00+00:00,0.0005000000000000001,BE_STOP,8.0,8,1,CHOP
NEARUSDT,2026-08-13 15:47:00+00:00,0.004600000000000001,TP,47.0,7,1,CHOP
NEARUSDT,2026-08-13 15:47:00+00:00,0.004600000000000001,TP,45.0,8,2,CHOP
NEARUSDT,2026-08-13 15:56:00+00:00,0.0005000000000000001,BE_STOP,8.0,7,1,CHOP
NEARUSDT,2026-08-13 15:59:00+00:00,0.004600000000000001,TP,232.0,8,0,CHOP
BTCUSDT,2026-08-13 16:37:00+00:00,0.004600000000000001,TP,47.0,8,4,CHOP
BTCUSDT,2026-08-13 16:39:00+00:00,0.004600000000000001,TP,1119.0,8,4,CHOP
BTCUSDT,2026-08-13 16:39:00+00:00,0.004600000000000001,TP,39.0,7,5,CHOP
BTCUSDT,2026-08-13 16:39:00+00:00,0.004600000000000001,TP,37.0,8,6,CHOP
BTCUSDT,2026-08-13 16:40:00+00:00,0.004600000000000001,TP,1538.0,8,6,
NEARUSDT,2026-08-13 16:42:00+00:00,0.004600000000000001,TP,4.0,8,0,CHOP
XRPUSDT,2026-08-13 19:04:00+00:00,0.0005000000000000001,BE_STOP,133.0,8,0,CHOP
BTCUSDT,2026-08-13 19:14:00+00:00,0.0005000000000000001,BE_STOP,10.0,8,5,CHOP
BTCUSDT,2026-08-14 07:03:00+00:00,0.0005000000000000001,BE_STOP,855.0,7,4,CHOP
BTCUSDT,2026-08-14 08:47:00+00:00,0.0005000000000000001,BE_STOP,963.0,5,2,CHOP
BTCUSDT,2026-08-14 08:51:00+00:00,0.0005000000000000001,BE_STOP,965.0,6,3,CHOP
BTCUSDT,2026-08-14 08:53:00+00:00,0.0005000000000000001,BE_STOP,110.0,8,4,TREND
BTCUSDT,2026-08-14 13:47:00+00:00,-0.02154785408396109,MAX_AGE,2880.0,8,3,
BTCUSDT,2026-08-14 16:00:00+00:00,0.0005000000000000001,BE_STOP,433.0,8,4,TREND
ETHUSDT,2026-08-14 16:06:00+00:00,0.0005000000000000001,BE_STOP,434.0,8,3,CHOP
ETHUSDT,2026-08-14 16:47:00+00:00,0.0005000000000000001,BE_STOP,46.0,8,5,CHOP
BTCUSDT,2026-08-14 17:56:00+00:00,0.0005000000000000001,BE_STOP,542.0,8,3,TREND
SOLUSDT,2026-08-14 18:14:00+00:00,0.004600000000000001,TP,86.0,8,0,CHOP
ETHUSDT,2026-08-14 18:39:00+00:00,0.0005000000000000001,BE_STOP,152.0,8,5,CHOP
BTCUSDT,2026-08-14 19:28:00+00:00,0.0005000000000000001,BE_STOP,73.0,8,1,CHOP
ETHUSDT,2026-08-15 05:07:00+00:00,-0.008436945280502726,MAX_AGE,2880.0,8,1,CHOP
BTCUSDT,2026-08-15 05:18:00+00:00,-0.013430863617867047,MAX_AGE,2880.0,8,4,CHOP
ETHUSDT,2026-08-15 05:40:00+00:00,0.0005000000000000001,BE_STOP,659.0,8,5,CHOP
BTCUSDT,2026-08-15 06:15:00+00:00,0.0005000000000000001,BE_STOP,646.0,8,1,CHOP
SOLUSDT,2026-08-15 06:50:00+00:00,0.0005000000000000001,BE_STOP,92.0,8,0,CHOP
ETHUSDT,2026-08-15 16:42:00+00:00,-0.011725591374778738,MAX_AGE,2880.0,4,1,CHOP
ETHUSDT,2026-08-15 19:14:00+00:00,-0.004091262403382052,MAX_AGE,2880.0,8,2,CHOP
SOLUSDT,2026-08-16 00:28:00+00:00,0.0005000000000000001,BE_STOP,314.0,8,0,CHOP
ETHUSDT,2026-08-16 13:47:00+00:00,-0.007918842022446564,MAX_AGE,2880.0,8,4,CHOP
ETHUSDT,2026-08-16 17:11:00+00:00,0.0005000000000000001,BE_STOP,2161.0,8,5,CHOP
ETHUSDT,2026-08-16 17:35:00+00:00,0.0005000000000000001,BE_STOP,2084.0,8,5,CHOP
ETHUSDT,2026-08-16 17:56:00+00:00,-0.005801295877914654,MAX_AGE,2880.0,8,5,CHOP
ETHUSDT,2026-08-16 18:04:00+00:00,0.0005000000000000001,BE_STOP,257.0,8,3,CHOP
NEARUSDT,2026-08-16 20:52:00+00:00,0.004600000000000001,TP,176.0,8,0,CHOP
BTCUSDT,2026-08-16 21:40:00+00:00,0.004600000000000001,TP,269.0,8,4,TREND
BTCUSDT,2026-08-16 21:40:00+00:00,0.004600000000000001,TP,245.0,8,5,CHOP
ETHUSDT,2026-08-16 21:40:00+00:00,0.004600000000000001,TP,216.0,8,0,TREND
BTCUSDT,2026-08-16 21:47:00+00:00,0.0005000000000000001,BE_STOP,2372.0,8,1,CHOP
BTCUSDT,2026-08-16 21:50:00+00:00,0.0005000000000000001,BE_STOP,2410.0,8,1,CHOP
BTCUSDT,2026-08-16 21:50:00+00:00,0.0005000000000000001,BE_STOP,1282.0,8,3,CHOP
BTCUSDT,2026-08-16 21:50:00+00:00,0.0005000000000000001,BE_STOP,57.0,8,6,CHOP
BTCUSDT,2026-08-16 21:51:00+00:00,0.0005000000000000001,BE_STOP,1749.0,8,2,CHOP
SOLUSDT,2026-08-16 22:05:00+00:00,0.0005000000000000001,BE_STOP,15.0,6,0,TREND
SOLUSDT,2026-08-16 22:05:00+00:00,0.0005000000000000001,BE_STOP,12.0,6,1,TREND
BTCUSDT,2026-08-16 22:49:00+00:00,0.0005000000000000001,BE_STOP,67.0,7,5,TREND
BTCUSDT,2026-08-16 22:51:00+00:00,0.0005000000000000001,BE_STOP,64.0,8,6,TREND
BTCUSDT,2026-08-16 22:53:00+00:00,0.0005000000000000001,BE_STOP,69.0,8,6,TREND
BTCUSDT,2026-08-16 22:57:00+00:00,0.0005000000000000001,BE_STOP,60.0,7,3,TREND
XRPUSDT,2026-08-16 22:59:00+00:00,0.0005000000000000001,BE_STOP,79.0,6,0,CHOP
ETHUSDT,2026-08-17 01:01:00+00:00,0.004600000000000001,TP,132.0,8,0,CHOP
ETHUSDT,2026-08-17 01:01:00+00:00,0.004600000000000001,TP,130.0,8,1,CHOP
ETHUSDT,2026-08-17 01:01:00+00:00,0.004600000000000001,TP,127.0,8,2,CHOP
ETHUSDT,2026-08-17 01:01:00+00:00,0.004600000000000001,TP,121.0,7,3,CHOP
BTCUSDT,2026-08-17 01:15:00+00:00,0.0005000000000000001,BE_STOP,132.0,8,3,CHOP
ETHUSDT,2026-08-17 01:37:00+00:00,0.0005000000000000001,BE_STOP,28.0,8,0,CHOP
BTCUSDT,2026-08-17 01:54:00+00:00,0.0005000000000000001,BE_STOP,39.0,8,6,CHOP
BTCUSDT,2026-08-17 02:52:00+00:00,0.004600000000000001,TP,110.0,5,4,CHOP
BTCUSDT,2026-08-17 02:53:00+00:00,0.004600000000000001,TP,108.0,6,5,CHOP
BTCUSDT,2026-08-17 02:53:00+00:00,0.004600000000000001,TP,106.0,7,6,CHOP
BTCUSDT,2026-08-17 05:28:00+00:00,0.0005000000000000001,BE_STOP,150.0,8,4,CHOP
SOLUSDT,2026-08-17 06:45:00+00:00,0.004600000000000001,TP,306.0,8,0,CHOP
NEARUSDT,2026-08-17 06:46:00+00:00,0.004600000000000001,TP,78.0,8,0,TREND
ETHUSDT,2026-08-17 07:01:00+00:00,0.0005000000000000001,BE_STOP,245.0,7,1,TREND
BTCUSDT,2026-08-17 07:17:00+00:00,0.0005000000000000001,BE_STOP,263.0,6,3,CHOP
BTCUSDT,2026-08-17 09:15:00+00:00,0.0005000000000000001,BE_STOP,117.0,8,4,TREND
BTCUSDT,2026-08-17 13:02:00+00:00,0.0005000000000000001,BE_STOP,226.0,8,4,CHOP
BTCUSDT,2026-08-17 15:28:00+00:00,0.004600000000000001,TP,519.0,8,4,CHOP
SOLUSDT,2026-08-17 16:20:00+00:00,0.0005000000000000001,BE_STOP,559.0,8,0,TREND
BTCUSDT,2026-08-17 17:23:00+00:00,0.004600000000000001,TP,114.0,8,4,TREND
SOLUSDT,2026-08-17 17:39:00+00:00,0.0005000000000000001,BE_STOP,79.0,8,0,CHOP
NEARUSDT,2026-08-17 17:46:00+00:00,-0.0264,MAE_KILL,659.0,7,0,TREND
BTCUSDT,2026-08-17 18:23:00+00:00,0.004600000000000001,TP,44.0,8,5,TREND
BTCUSDT,2026-08-17 18:29:00+00:00,0.0005000000000000001,BE_STOP,66.0,8,4,CHOP
BTCUSDT,2026-08-17 19:01:00+00:00,0.0005000000000000001,BE_STOP,75.0,8,6,TREND
ETHUSDT,2026-08-18 02:30:00+00:00,0.004600000000000001,TP,447.0,8,1,CHOP
NEARUSDT,2026-08-18 02:49:00+00:00,0.0005000000000000001,BE_STOP,19.0,8,0,CHOP
ETHUSDT,2026-08-18 03:36:00+00:00,0.0005000000000000001,BE_STOP,1541.0,8,0,CHOP
NEARUSDT,2026-08-18 06:30:00+00:00,-0.0264,MAE_KILL,174.0,8,0,CHOP
BTCUSDT,2026-08-18 14:26:00+00:00,0.004600000000000001,TP,1197.0,8,6,TREND
ETHUSDT,2026-08-18 14:26:00+00:00,0.004600000000000001,TP,475.0,8,0,CHOP
BTCUSDT,2026-08-18 14:27:00+00:00,0.004600000000000001,TP,1203.0,8,6,TREND
BTCUSDT,2026-08-18 22:01:00+00:00,-0.028554714242977803,MAX_AGE,2880.0,8,4,TREND
BTCUSDT,2026-08-18 22:05:00+00:00,-0.028503875914720034,MAX_AGE,2880.0,7,5,TREND
BTCUSDT,2026-08-18 22:07:00+00:00,-0.028417050923664595,MAX_AGE,2880.0,8,6,TREND
ETHUSDT,2026-08-19 00:03:00+00:00,0.0005000000000000001,BE_STOP,118.0,8,0,CHOP
ETHUSDT,2026-08-19 00:03:00+00:00,0.0005000000000000001,BE_STOP,116.0,8,1,CHOP
ETHUSDT,2026-08-19 02:26:00+00:00,0.0005000000000000001,BE_STOP,140.0,7,0,CHOP
BTCUSDT,2026-08-19 05:53:00+00:00,0.004600000000000001,TP,345.0,8,6,CHOP
BTCUSDT,2026-08-19 06:09:00+00:00,0.004600000000000001,TP,487.0,8,7,CHOP
NEARUSDT,2026-08-19 06:48:00+00:00,0.004600000000000001,TP,55.0,8,0,TREND
NEARUSDT,2026-08-19 06:56:00+00:00,0.004600000000000001,TP,8.0,8,0,CHOP
BTCUSDT,2026-08-19 12:38:00+00:00,0.004600000000000001,TP,341.0,8,7,CHOP
BTCUSDT,2026-08-19 12:41:00+00:00,0.004600000000000001,TP,614.0,8,7,CHOP
ETHUSDT,2026-08-19 12:47:00+00:00,0.004600000000000001,TP,9.0,8,0,CHOP
BTCUSDT,2026-08-19 13:03:00+00:00,-0.0214630918801097,MAX_AGE,2880.0,8,4,CHOP
XRPUSDT,2026-08-19 13:20:00+00:00,0.004600000000000001,TP,33.0,8,0,CHOP
BTCUSDT,2026-08-19 13:31:00+00:00,0.004600000000000001,TP,1380.0,7,6,TREND
BTCUSDT,2026-08-19 13:31:00+00:00,0.004600000000000001,TP,1378.0,8,7,TREND
BTCUSDT,2026-08-19 13:34:00+00:00,0.0005000000000000001,BE_STOP,1385.0,6,5,TREND
NEARUSDT,2026-08-19 13:44:00+00:00,0.0005000000000000001,BE_STOP,23.0,8,2,CHOP
BTCUSDT,2026-08-19 14:10:00+00:00,0.004600000000000001,TP,25.0,8,3,CHOP
NEARUSDT,2026-08-19 14:14:00+00:00,0.0005000000000000001,BE_STOP,92.0,8,0,CHOP
BTCUSDT,2026-08-19 14:17:00+00:00,0.004600000000000001,TP,44.0,8,3,TREND
SOLUSDT,2026-08-19 14:44:00+00:00,0.004600000000000001,TP,34.0,8,0,TREND
NEARUSDT,2026-08-19 14:47:00+00:00,0.0005000000000000001,BE_STOP,33.0,8,1,CHOP
XRPUSDT,2026-08-19 14:52:00+00:00,0.004600000000000001,TP,77.0,8,1,TREND
XRPUSDT,2026-08-19 14:54:00+00:00,0.004600000000000001,TP,83.0,7,0,TREND
XRPUSDT,2026-08-19 14:54:00+00:00,0.004600000000000001,TP,7.0,8,2,TREND
BTCUSDT,2026-08-19 14:55:00+00:00,0.004600000000000001,TP,38.0,8,2,TREND
NEARUSDT,2026-08-19 14:55:00+00:00,0.004600000000000001,TP,11.0,8,2,TREND
NEARUSDT,2026-08-19 15:00:00+00:00,0.004600000000000001,TP,8.0,8,2,TREND
NEARUSDT,2026-08-19 15:02:00+00:00,0.0005000000000000001,BE_STOP,7.0,5,2,TREND
ETHUSDT,2026-08-19 15:04:00+00:00,0.004600000000000001,TP,7.0,6,0,TREND
BTCUSDT,2026-08-19 15:05:00+00:00,0.004600000000000001,TP,6.0,7,2,TREND
BTCUSDT,2026-08-19 15:05:00+00:00,0.004600000000000001,TP,4.0,7,3,TREND
SOLUSDT,2026-08-19 15:05:00+00:00,0.004879527976102221,TP,2.0,7,0,TREND
BTCUSDT,2026-08-19 15:14:00+00:00,-0.0414,MAE_KILL,2185.0,8,6,CHOP
BTCUSDT,2026-08-19 15:14:00+00:00,-0.0414,MAE_KILL,544.0,8,6,TREND
ETHUSDT,2026-08-19 15:18:00+00:00,0.0005000000000000001,BE_STOP,4.0,4,0,TREND
BTCUSDT,2026-08-19 15:22:00+00:00,0.004600000000000001,TP,15.0,4,2,TREND
BTCUSDT,2026-08-19 15:23:00+00:00,0.004600000000000001,TP,13.0,5,3,TREND
ETHUSDT,2026-08-19 15:23:00+00:00,0.005121412963327725,TP,5.0,5,1,TREND
NEARUSDT,2026-08-19 15:23:00+00:00,0.004600000000000001,TP,2.0,6,1,TREND
ETHUSDT,2026-08-19 15:24:00+00:00,0.005419711528242839,TP,8.0,5,1,TREND
NEARUSDT,2026-08-19 15:26:00+00:00,-0.0264,MAE_KILL,143.0,8,1,CHOP
BTCUSDT,2026-08-19 15:26:00+00:00,0.004600000000000001,TP,1.0,2,0,TREND
BTCUSDT,2026-08-19 15:35:00+00:00,0.00977212520505511,TP,5.0,2,0,TREND
NEARUSDT,2026-08-19 15:40:00+00:00,0.006009111434876377,TP,8.0,3,0,TREND
NEARUSDT,2026-08-19 15:43:00+00:00,0.0005000000000000001,BE_STOP,4.0,5,1,TREND
BTCUSDT,2026-08-19 15:54:00+00:00,0.0005000000000000001,BE_STOP,19.0,3,0,TREND
XRPUSDT,2026-08-19 16:00:00+00:00,0.0005000000000000001,BE_STOP,6.0,8,0,TREND
ETHUSDT,2026-08-19 16:01:00+00:00,0.004600000000000001,TP,12.0,8,1,TREND
BTCUSDT,2026-08-19 16:05:00+00:00,0.0047900307363356815,TP,20.0,6,3,TREND
BTCUSDT,2026-08-19 16:05:00+00:00,0.004600000000000001,TP,18.0,7,4,TREND
BTCUSDT,2026-08-19 16:09:00+00:00,0.0005000000000000001,BE_STOP,7.0,8,4,TREND
BTCUSDT,2026-08-19 16:11:00+00:00,0.0005000000000000001,BE_STOP,28.0,5,2,TREND
ETHUSDT,2026-08-19 16:23:00+00:00,0.0005000000000000001,BE_STOP,16.0,8,2,TREND
BTCUSDT,2026-08-19 16:39:00+00:00,0.0005000000000000001,BE_STOP,28.0,8,1,TREND
ETHUSDT,2026-08-19 16:47:00+00:00,0.0005000000000000001,BE_STOP,79.0,1,0,TREND
NEARUSDT,2026-08-19 16:58:00+00:00,0.0005000000000000001,BE_STOP,19.0,8,1,TREND
SOLUSDT,2026-08-19 17:03:00+00:00,0.004600000000000001,TP,40.0,8,2,TREND
BTCUSDT,2026-08-19 17:08:00+00:00,0.004600000000000001,TP,21.0,8,1,TREND
BTCUSDT,2026-08-19 17:19:00+00:00,0.004600000000000001,TP,20.0,8,2,TREND
BTCUSDT,2026-08-19 17:19:00+00:00,0.004600000000000001,TP,16.0,8,3,TREND
BTCUSDT,2026-08-19 17:28:00+00:00,0.004600000000000001,TP,19.0,8,3,TREND
BTCUSDT,2026-08-19 17:30:00+00:00,0.0005000000000000001,BE_STOP,10.0,7,2,TREND
NEARUSDT,2026-08-19 17:48:00+00:00,-0.0264,MAE_KILL,108.0,8,0,CHOP
SOLUSDT,2026-08-19 18:48:00+00:00,0.0005000000000000001,BE_STOP,159.0,8,1,TREND
ETHUSDT,2026-08-19 19:13:00+00:00,0.004600000000000001,TP,25.0,8,2,TREND
BTCUSDT,2026-08-19 19:15:00+00:00,0.0005000000000000001,BE_STOP,86.0,8,1,TREND
ETHUSDT,2026-08-19 20:07:00+00:00,0.004600000000000001,TP,242.0,7,1,TREND
XRPUSDT,2026-08-19 20:15:00+00:00,0.004600000000000001,TP,8.0,8,0,TREND
SOLUSDT,2026-08-19 20:50:00+00:00,0.0073632062052447775,TP,313.0,4,0,TREND
ETHUSDT,2026-08-19 20:50:00+00:00,-0.0414,MAE_KILL,202.0,8,1,TREND
NEARUSDT,2026-08-19 20:50:00+00:00,-0.0264,MAE_KILL,198.0,8,1,CHOP
SOLUSDT,2026-08-19 20:50:00+00:00,0.004600000000000001,TP,97.0,8,2,TREND
BTCUSDT,2026-08-19 20:50:00+00:00,0.004600000000000001,TP,35.0,8,2,CHOP
BTCUSDT,2026-08-19 20:51:00+00:00,0.008266705073485219,TP,310.0,5,1,TREND
XRPUSDT,2026-08-19 20:54:00+00:00,0.004600000000000001,TP,3.0,3,0,CHOP
SOLUSDT,2026-08-19 21:04:00+00:00,-0.0414,MAE_KILL,222.0,8,2,TREND
NEARUSDT,2026-08-19 21:04:00+00:00,0.004600000000000001,TP,8.0,4,0,CHOP
BTCUSDT,2026-08-19 21:06:00+00:00,0.004600000000000001,TP,12.0,3,1,CHOP
BTCUSDT,2026-08-19 21:06:00+00:00,0.004600000000000001,TP,7.0,5,2,CHOP
BTCUSDT,2026-08-19 21:06:00+00:00,0.004600000000000001,TP,4.0,6,3,CHOP
BTCUSDT,2026-08-19 21:07:00+00:00,0.004600000000000001,TP,2.0,5,4,CHOP
BTCUSDT,2026-08-19 21:21:00+00:00,0.004600000000000001,TP,9.0,4,3,CHOP
SOLUSDT,2026-08-19 21:22:00+00:00,0.008845021443532042,TP,4.0,7,0,TREND
BTCUSDT,2026-08-19 21:23:00+00:00,0.004600000000000001,TP,7.0,6,4,CHOP
BTCUSDT,2026-08-19 21:25:00+00:00,0.0005000000000000001,BE_STOP,17.0,2,1,CHOP
BTCUSDT,2026-08-19 21:29:00+00:00,0.0005000000000000001,BE_STOP,5.0,7,4,CHOP
BTCUSDT,2026-08-19 21:31:00+00:00,0.004600000000000001,TP,21.0,3,2,CHOP
ETHUSDT,2026-08-19 21:31:00+00:00,0.014543434026799003,TP,11.0,8,1,TREND
NEARUSDT,2026-08-19 21:33:00+00:00,0.004600000000000001,TP,7.0,7,0,TREND
ETHUSDT,2026-08-19 21:45:00+00:00,0.005415537284950074,TP,7.0,8,1,TREND
ETHUSDT,2026-08-19 21:46:00+00:00,0.017096630483286378,TP,32.0,5,0,TREND
BTCUSDT,2026-08-19 21:47:00+00:00,0.004600000000000001,TP,18.0,7,3,CHOP
BTCUSDT,2026-08-19 21:48:00+00:00,0.0005000000000000001,BE_STOP,17.0,6,3,CHOP
SOLUSDT,2026-08-19 21:48:00+00:00,0.0005000000000000001,BE_STOP,14.0,6,0,TREND
BTCUSDT,2026-08-19 21:52:00+00:00,0.0005000000000000001,BE_STOP,30.0,7,4,CHOP
BTCUSDT,2026-08-19 21:54:00+00:00,0.0005000000000000001,BE_STOP,18.0,7,4,CHOP
XRPUSDT,2026-08-19 22:01:00+00:00,0.0005000000000000001,BE_STOP,3.0,7,0,TREND
XRPUSDT,2026-08-19 22:06:00+00:00,0.004600000000000001,TP,6.0,8,1,TREND
BTCUSDT,2026-08-19 22:25:00+00:00,0.004600000000000001,TP,23.0,8,6,TREND
BTCUSDT,2026-08-19 22:32:00+00:00,0.004600000000000001,TP,26.0,8,7,TREND
SOLUSDT,2026-08-19 22:33:00+00:00,0.004600000000000001,TP,7.0,8,0,TREND
BTCUSDT,2026-08-20 03:16:00+00:00,0.0005000000000000001,BE_STOP,280.0,8,7,TREND
BTCUSDT,2026-08-20 07:11:00+00:00,0.0005000000000000001,BE_STOP,564.0,6,4,CHOP
BTCUSDT,2026-08-20 07:11:00+00:00,0.0005000000000000001,BE_STOP,559.0,5,4,CHOP
BTCUSDT,2026-08-20 07:11:00+00:00,0.0005000000000000001,BE_STOP,555.0,6,5,CHOP
BTCUSDT,2026-08-20 07:13:00+00:00,0.0005000000000000001,BE_STOP,563.0,5,4,CHOP
BTCUSDT,2026-08-20 07:13:00+00:00,0.0005000000000000001,BE_STOP,559.0,5,4,CHOP
SOLUSDT,2026-08-20 08:07:00+00:00,0.004600000000000001,TP,54.0,5,0,CHOP
ETHUSDT,2026-08-20 08:07:00+00:00,0.0005000000000000001,BE_STOP,52.0,6,0,CHOP
NEARUSDT,2026-08-20 08:09:00+00:00,0.004600000000000001,TP,58.0,6,0,CHOP
BTCUSDT,2026-08-20 08:09:00+00:00,0.004600000000000001,TP,1.0,7,5,CHOP
BTCUSDT,2026-08-20 08:10:00+00:00,-0.0414,MAE_KILL,775.0,8,1,TREND
ETHUSDT,2026-08-20 08:16:00+00:00,0.0005000000000000001,BE_STOP,5.0,5,0,CHOP
BTCUSDT,2026-08-20 08:17:00+00:00,0.004600000000000001,TP,1.0,6,5,TREND
BTCUSDT,2026-08-20 08:19:00+00:00,0.0005000000000000001,BE_STOP,5.0,6,4,TREND
BTCUSDT,2026-08-20 08:31:00+00:00,0.0005000000000000001,BE_STOP,7.0,8,6,TREND
BTCUSDT,2026-08-20 08:34:00+00:00,0.0005000000000000001,BE_STOP,3.0,8,6,TREND
SOLUSDT,2026-08-20 08:37:00+00:00,0.004600000000000001,TP,15.0,7,0,TREND
BTCUSDT,2026-08-20 08:40:00+00:00,0.004600000000000001,TP,5.0,8,6,TREND
BTCUSDT,2026-08-20 08:42:00+00:00,0.0005000000000000001,BE_STOP,24.0,6,5,TREND
BTCUSDT,2026-08-20 08:47:00+00:00,0.005167838339266931,TP,27.0,6,5,TREND
SOLUSDT,2026-08-20 08:49:00+00:00,0.0005000000000000001,BE_STOP,9.0,8,0,TREND
BTCUSDT,2026-08-20 09:06:00+00:00,-0.0414,MAE_KILL,632.0,7,6,TREND
BTCUSDT,2026-08-20 09:06:00+00:00,-0.0414,MAE_KILL,349.0,8,7,CHOP
BTCUSDT,2026-08-20 09:09:00+00:00,0.004600000000000001,TP,27.0,8,5,TREND
BTCUSDT,2026-08-20 09:16:00+00:00,0.0005000000000000001,BE_STOP,5.0,8,4,TREND
BTCUSDT,2026-08-20 09:19:00+00:00,0.004600000000000001,TP,30.0,8,5,TREND
ETHUSDT,2026-08-20 09:29:00+00:00,0.0005000000000000001,BE_STOP,13.0,8,1,CHOP
BTCUSDT,2026-08-20 09:52:00+00:00,0.0005000000000000001,BE_STOP,45.0,7,4,TREND
XRPUSDT,2026-08-20 09:52:00+00:00,0.004600000000000001,TP,22.0,8,0,TREND
SOLUSDT,2026-08-20 09:59:00+00:00,0.0005000000000000001,BE_STOP,50.0,7,1,TREND
BTCUSDT,2026-08-20 10:15:00+00:00,-0.0414,MAE_KILL,177.0,7,3,CHOP
BTCUSDT,2026-08-20 10:15:00+00:00,-0.0414,MAE_KILL,175.0,8,4,CHOP
BTCUSDT,2026-08-20 10:15:00+00:00,0.004600000000000001,TP,56.0,8,3,TREND
NEARUSDT,2026-08-20 11:11:00+00:00,0.004600000000000001,TP,72.0,8,0,CHOP
BTCUSDT,2026-08-20 12:10:00+00:00,0.0005000000000000001,BE_STOP,135.0,8,3,TREND
ETHUSDT,2026-08-20 12:11:00+00:00,0.0005000000000000001,BE_STOP,138.0,7,1,CHOP
NEARUSDT,2026-08-20 12:32:00+00:00,-0.0264,MAE_KILL,137.0,6,1,CHOP
ETHUSDT,2026-08-20 13:36:00+00:00,0.004600000000000001,TP,299.0,8,0,TREND
SOLUSDT,2026-08-21 00:18:00+00:00,0.004600000000000001,TP,931.0,8,1,TREND
ETHUSDT,2026-08-21 00:18:00+00:00,0.004600000000000001,TP,16.0,3,0,CHOP
BTCUSDT,2026-08-21 00:18:00+00:00,0.004600000000000001,TP,14.0,4,1,CHOP
BTCUSDT,2026-08-21 00:18:00+00:00,0.004600000000000001,TP,11.0,5,2,CHOP
BTCUSDT,2026-08-21 00:18:00+00:00,0.004600000000000001,TP,7.0,6,3,CHOP
BTCUSDT,2026-08-21 00:18:00+00:00,0.004600000000000001,TP,5.0,7,4,CHOP
BTCUSDT,2026-08-21 00:18:00+00:00,0.004600000000000001,TP,3.0,8,5,CHOP
BTCUSDT,2026-08-21 00:34:00+00:00,0.0005000000000000001,BE_STOP,5.0,7,2,TREND
BTCUSDT,2026-08-21 00:35:00+00:00,0.0005000000000000001,BE_STOP,16.0,2,1,CHOP
SOLUSDT,2026-08-21 00:49:00+00:00,0.0005000000000000001,BE_STOP,11.0,8,1,CHOP
XRPUSDT,2026-08-21 01:05:00+00:00,0.0005000000000000001,BE_STOP,44.0,3,0,TREND
XRPUSDT,2026-08-21 01:05:00+00:00,0.0005000000000000001,BE_STOP,38.0,6,2,TREND
XRPUSDT,2026-08-21 01:06:00+00:00,0.0005000000000000001,BE_STOP,43.0,4,1,TREND
BTCUSDT,2026-08-21 01:16:00+00:00,0.004600000000000001,TP,42.0,8,3,TREND
BTCUSDT,2026-08-21 01:18:00+00:00,0.004600000000000001,TP,46.0,8,3,TREND
BTCUSDT,2026-08-21 01:18:00+00:00,0.004600000000000001,TP,13.0,7,3,CHOP
BTCUSDT,2026-08-21 01:18:00+00:00,0.004600000000000001,TP,11.0,7,4,CHOP
ETHUSDT,2026-08-21 01:18:00+00:00,0.004600000000000001,TP,8.0,8,0,CHOP
ETHUSDT,2026-08-21 01:18:00+00:00,0.004600000000000001,TP,1.0,8,1,CHOP
SOLUSDT,2026-08-21 01:20:00+00:00,0.0005000000000000001,BE_STOP,55.0,5,0,CHOP
BTCUSDT,2026-08-21 01:31:00+00:00,0.004600000000000001,TP,10.0,4,1,TREND
BTCUSDT,2026-08-21 01:34:00+00:00,0.0005000000000000001,BE_STOP,5.0,7,2,TREND
SOLUSDT,2026-08-21 01:47:00+00:00,0.004600000000000001,TP,28.0,4,1,CHOP
NEARUSDT,2026-08-21 01:47:00+00:00,0.0005000000000000001,BE_STOP,24.0,5,0,TREND
BTCUSDT,2026-08-21 01:47:00+00:00,0.004600000000000001,TP,14.0,7,2,TREND
BTCUSDT,2026-08-21 01:47:00+00:00,0.004600000000000001,TP,12.0,7,2,TREND
XRPUSDT,2026-08-21 01:47:00+00:00,0.004600000000000001,TP,10.0,8,1,TREND
BTCUSDT,2026-08-21 01:54:00+00:00,0.0005000000000000001,BE_STOP,6.0,4,1,TREND
XRPUSDT,2026-08-21 02:40:00+00:00,0.0005000000000000001,BE_STOP,42.0,8,1,TREND
BTCUSDT,2026-08-21 03:04:00+00:00,0.004600000000000001,TP,24.0,8,5,TREND
ETHUSDT,2026-08-21 03:11:00+00:00,0.0005000000000000001,BE_STOP,106.0,6,0,CHOP
XRPUSDT,2026-08-21 03:27:00+00:00,0.004600000000000001,TP,14.0,8,2,CHOP
NEARUSDT,2026-08-21 03:37:00+00:00,0.004600000000000001,TP,10.0,8,0,CHOP
XRPUSDT,2026-08-21 03:39:00+00:00,-0.0414,MAE_KILL,170.0,8,3,CHOP
XRPUSDT,2026-08-21 03:44:00+00:00,0.0005000000000000001,BE_STOP,7.0,8,2,TREND
XRPUSDT,2026-08-21 03:51:00+00:00,0.004600000000000001,TP,7.0,8,2,TREND
XRPUSDT,2026-08-21 03:59:00+00:00,0.0005000000000000001,BE_STOP,19.0,8,2,TREND
BTCUSDT,2026-08-21 05:23:00+00:00,0.0005000000000000001,BE_STOP,207.0,7,4,TREND
ETHUSDT,2026-08-21 05:24:00+00:00,0.0005000000000000001,BE_STOP,93.0,8,0,CHOP
XRPUSDT,2026-08-21 05:48:00+00:00,0.0005000000000000001,BE_STOP,23.0,8,1,CHOP
BTCUSDT,2026-08-21 06:11:00+00:00,0.0005000000000000001,BE_STOP,22.0,8,6,TREND
BTCUSDT,2026-08-21 06:42:00+00:00,0.0005000000000000001,BE_STOP,292.0,5,2,TREND
BTCUSDT,2026-08-21 06:42:00+00:00,0.0005000000000000001,BE_STOP,290.0,6,3,TREND
BTCUSDT,2026-08-21 06:43:00+00:00,0.0005000000000000001,BE_STOP,289.0,6,3,TREND
BTCUSDT,2026-08-21 06:43:00+00:00,0.0005000000000000001,BE_STOP,80.0,8,5,TREND
SOLUSDT,2026-08-21 06:48:00+00:00,0.0005000000000000001,BE_STOP,5.0,5,1,TREND
XRPUSDT,2026-08-21 07:01:00+00:00,0.0005000000000000001,BE_STOP,13.0,6,1,CHOP
BTCUSDT,2026-08-21 07:05:00+00:00,0.0005000000000000001,BE_STOP,4.0,8,3,CHOP
BTCUSDT,2026-08-21 07:10:00+00:00,-0.0414,MAE_KILL,430.0,2,0,CHOP
ETHUSDT,2026-08-21 07:15:00+00:00,0.004600000000000001,TP,25.0,7,0,CHOP
BTCUSDT,2026-08-21 07:15:00+00:00,0.004600000000000001,TP,10.0,8,3,CHOP
NEARUSDT,2026-08-21 07:16:00+00:00,0.004600000000000001,TP,5.0,8,0,TREND
ETHUSDT,2026-08-21 07:18:00+00:00,0.0005000000000000001,BE_STOP,3.0,7,0,TREND
SOLUSDT,2026-08-21 07:21:00+00:00,0.0005000000000000001,BE_STOP,70.0,8,0,TREND
BTCUSDT,2026-08-21 07:42:00+00:00,0.004600000000000001,TP,18.0,8,5,TREND
BTCUSDT,2026-08-21 07:43:00+00:00,0.004600000000000001,TP,22.0,7,4,TREND
BTCUSDT,2026-08-21 07:44:00+00:00,0.0005000000000000001,BE_STOP,27.0,7,2,TREND
BTCUSDT,2026-08-21 07:46:00+00:00,0.0005000000000000001,BE_STOP,27.0,7,3,TREND
BTCUSDT,2026-08-21 08:05:00+00:00,0.0005000000000000001,BE_STOP,20.0,7,4,TREND
BTCUSDT,2026-08-21 08:06:00+00:00,0.0005000000000000001,BE_STOP,18.0,7,4,TREND
XRPUSDT,2026-08-21 08:10:00+00:00,-0.0414,MAE_KILL,304.0,8,1,CHOP
BTCUSDT,2026-08-21 08:13:00+00:00,0.004600000000000001,TP,8.0,8,4,TREND
NEARUSDT,2026-08-21 08:13:00+00:00,0.0005000000000000001,BE_STOP,5.0,8,0,TREND
BTCUSDT,2026-08-21 08:14:00+00:00,0.004600000000000001,TP,31.0,7,4,TREND
BTCUSDT,2026-08-21 08:14:00+00:00,0.004600000000000001,TP,4.0,8,4,TREND
XRPUSDT,2026-08-21 08:17:00+00:00,0.005740734451284253,TP,4.0,7,1,CHOP
SOLUSDT,2026-08-21 08:25:00+00:00,0.004600000000000001,TP,9.0,6,1,CHOP
BTCUSDT,2026-08-21 08:27:00+00:00,0.0005000000000000001,BE_STOP,8.0,6,2,TREND
BTCUSDT,2026-08-21 08:31:00+00:00,0.004600000000000001,TP,10.0,7,3,TREND
BTCUSDT,2026-08-21 08:31:00+00:00,0.004600000000000001,TP,8.0,8,4,TREND
XRPUSDT,2026-08-21 08:33:00+00:00,-0.0414,MAE_KILL,43.0,8,1,CHOP
BTCUSDT,2026-08-21 08:33:00+00:00,0.004600000000000001,TP,5.0,8,5,TREND
BTCUSDT,2026-08-21 08:35:00+00:00,-0.0414,MAE_KILL,275.0,8,5,TREND
BTCUSDT,2026-08-21 08:35:00+00:00,0.004600000000000001,TP,9.0,8,5,TREND
SOLUSDT,2026-08-21 08:38:00+00:00,0.004600000000000001,TP,5.0,5,1,TREND
XRPUSDT,2026-08-21 08:43:00+00:00,0.0005000000000000001,BE_STOP,8.0,4,0,CHOP
ETHUSDT,2026-08-21 08:46:00+00:00,0.004600000000000001,TP,6.0,5,0,TREND
ETHUSDT,2026-08-21 08:46:00+00:00,0.004600000000000001,TP,2.0,6,1,TREND
BTCUSDT,2026-08-21 08:47:00+00:00,0.004600000000000001,TP,9.0,4,1,TREND
SOLUSDT,2026-08-21 08:47:00+00:00,0.004600000000000001,TP,5.0,6,1,TREND
BTCUSDT,2026-08-21 08:51:00+00:00,-0.0414,MAE_KILL,125.0,6,2,CHOP
BTCUSDT,2026-08-21 08:51:00+00:00,0.004600000000000001,TP,2.0,3,1,TREND
NEARUSDT,2026-08-21 08:57:00+00:00,0.004600000000000001,TP,6.0,2,0,TREND
BTCUSDT,2026-08-21 08:57:00+00:00,0.004600000000000001,TP,2.0,4,0,TREND
XRPUSDT,2026-08-21 09:00:00+00:00,0.005135773300627145,TP,3.0,3,0,CHOP
ETHUSDT,2026-08-21 09:01:00+00:00,0.0005000000000000001,BE_STOP,8.0,3,0,TREND
ETHUSDT,2026-08-21 09:07:00+00:00,0.00569296984239893,TP,3.0,3,0,TREND
BTCUSDT,2026-08-21 09:18:00+00:00,0.0005000000000000001,BE_STOP,9.0,4,1,TREND
XRPUSDT,2026-08-21 09:18:00+00:00,0.0005000000000000001,BE_STOP,5.0,6,0,CHOP
ETHUSDT,2026-08-21 09:32:00+00:00,0.0005000000000000001,BE_STOP,14.0,6,0,CHOP
BTCUSDT,2026-08-21 09:37:00+00:00,0.0005000000000000001,BE_STOP,26.0,5,2,TREND
BTCUSDT,2026-08-21 09:44:00+00:00,0.004600000000000001,TP,9.0,8,4,TREND
BTCUSDT,2026-08-21 09:44:00+00:00,0.004600000000000001,TP,6.0,8,4,TREND
BTCUSDT,2026-08-21 11:19:00+00:00,0.004600000000000001,TP,119.0,7,3,TREND
BTCUSDT,2026-08-21 11:23:00+00:00,0.0005000000000000001,BE_STOP,127.0,7,3,TREND
BTCUSDT,2026-08-21 11:32:00+00:00,0.004600000000000001,TP,12.0,8,4,CHOP
SOLUSDT,2026-08-21 11:34:00+00:00,0.0067596708957899645,TP,147.0,3,1,TREND
SOLUSDT,2026-08-21 11:34:00+00:00,0.004600000000000001,TP,1.0,8,2,CHOP
SOLUSDT,2026-08-21 11:35:00+00:00,0.0005000000000000001,BE_STOP,280.0,8,1,TREND
BTCUSDT,2026-08-21 11:52:00+00:00,0.0005000000000000001,BE_STOP,15.0,7,4,CHOP
BTCUSDT,2026-08-21 11:53:00+00:00,0.0005000000000000001,BE_STOP,13.0,8,5,CHOP
XRPUSDT,2026-08-21 11:59:00+00:00,0.004600000000000001,TP,5.0,8,1,CHOP
SOLUSDT,2026-08-21 12:03:00+00:00,0.0005000000000000001,BE_STOP,4.0,8,0,CHOP
BTCUSDT,2026-08-21 12:05:00+00:00,0.0005000000000000001,BE_STOP,30.0,6,3,CHOP
BTCUSDT,2026-08-21 12:06:00+00:00,0.0005000000000000001,BE_STOP,14.0,8,5,CHOP
ETHUSDT,2026-08-21 12:39:00+00:00,0.004600000000000001,TP,31.0,8,0,CHOP
ETHUSDT,2026-08-21 12:53:00+00:00,0.0005000000000000001,BE_STOP,13.0,8,0,CHOP
NEARUSDT,2026-08-21 13:31:00+00:00,0.0046961313012895715,TP,249.0,8,0,CHOP
XRPUSDT,2026-08-21 13:31:00+00:00,0.0005000000000000001,BE_STOP,127.0,8,0,CHOP
BTCUSDT,2026-08-21 13:35:00+00:00,0.004600000000000001,TP,92.0,8,5,CHOP
SOLUSDT,2026-08-21 13:35:00+00:00,0.004600000000000001,TP,90.0,8,0,CHOP
XRPUSDT,2026-08-21 13:37:00+00:00,0.0049656977942692,TP,6.0,7,0,CHOP
NEARUSDT,2026-08-21 13:37:00+00:00,0.0005000000000000001,BE_STOP,4.0,8,0,CHOP
XRPUSDT,2026-08-21 13:37:00+00:00,0.005936269766770164,TP,2.0,7,1,CHOP
XRPUSDT,2026-08-21 13:48:00+00:00,0.006504721326110329,TP,6.0,6,0,CHOP
BTCUSDT,2026-08-21 13:51:00+00:00,0.004600000000000001,TP,5.0,8,5,CHOP
ETHUSDT,2026-08-21 13:53:00+00:00,0.0005000000000000001,BE_STOP,9.0,7,0,CHOP
BTCUSDT,2026-08-21 13:54:00+00:00,0.0005000000000000001,BE_STOP,61.0,8,4,CHOP
NEARUSDT,2026-08-21 14:03:00+00:00,0.0005000000000000001,BE_STOP,14.0,8,0,CHOP
ETHUSDT,2026-08-21 14:23:00+00:00,0.0005000000000000001,BE_STOP,20.0,8,0,CHOP
SOLUSDT,2026-08-21 14:36:00+00:00,0.004600000000000001,TP,13.0,8,0,CHOP
NEARUSDT,2026-08-21 14:54:00+00:00,0.0005000000000000001,BE_STOP,18.0,8,0,CHOP
BTCUSDT,2026-08-21 15:14:00+00:00,0.004600000000000001,TP,77.0,8,6,TREND
BTCUSDT,2026-08-21 15:14:00+00:00,0.004600000000000001,TP,20.0,8,7,CHOP
BTCUSDT,2026-08-21 15:15:00+00:00,0.004600000000000001,TP,82.0,8,6,CHOP
XRPUSDT,2026-08-21 15:18:00+00:00,0.0005000000000000001,BE_STOP,4.0,7,0,CHOP
BTCUSDT,2026-08-21 15:29:00+00:00,0.0005000000000000001,BE_STOP,11.0,7,6,CHOP
NEARUSDT,2026-08-21 15:39:00+00:00,0.0005000000000000001,BE_STOP,10.0,8,0,CHOP
BTCUSDT,2026-08-21 21:24:00+00:00,0.004600000000000001,TP,364.0,8,7,CHOP
BTCUSDT,2026-08-21 21:27:00+00:00,0.004600000000000001,TP,456.0,8,5,CHOP
BTCUSDT,2026-08-21 21:27:00+00:00,0.004600000000000001,TP,371.0,7,5,CHOP
NEARUSDT,2026-08-21 21:28:00+00:00,0.0005000000000000001,BE_STOP,4.0,8,0,CHOP
ETHUSDT,2026-08-21 21:33:00+00:00,0.004600000000000001,TP,2.0,8,0,TREND
BTCUSDT,2026-08-21 21:36:00+00:00,0.0005000000000000001,BE_STOP,712.0,7,3,TREND
BTCUSDT,2026-08-21 21:36:00+00:00,0.0005000000000000001,BE_STOP,710.0,8,4,TREND
BTCUSDT,2026-08-21 21:37:00+00:00,0.0005000000000000001,BE_STOP,8.0,7,4,CHOP
BTCUSDT,2026-08-21 21:47:00+00:00,0.0005000000000000001,BE_STOP,11.0,7,3,CHOP
NEARUSDT,2026-08-21 21:52:00+00:00,0.0055460239699063945,TP,25.0,7,1,CHOP
ETHUSDT,2026-08-21 21:52:00+00:00,0.004974969826343102,TP,18.0,8,0,TREND
BTCUSDT,2026-08-21 21:52:00+00:00,0.004600000000000001,TP,14.0,7,3,CHOP
NEARUSDT,2026-08-21 21:52:00+00:00,0.004600000000000001,TP,9.0,8,1,CHOP
BTCUSDT,2026-08-21 21:55:00+00:00,0.004600000000000001,TP,8.0,8,3,CHOP
BTCUSDT,2026-08-21 21:57:00+00:00,0.0005000000000000001,BE_STOP,4.0,5,3,CHOP
SOLUSDT,2026-08-21 22:03:00+00:00,0.004600000000000001,TP,6.0,5,0,CHOP
XRPUSDT,2026-08-21 22:04:00+00:00,0.004600000000000001,TP,382.0,8,0,CHOP
BTCUSDT,2026-08-21 22:21:00+00:00,0.0005000000000000001,BE_STOP,21.0,6,3,CHOP
BTCUSDT,2026-08-21 22:21:00+00:00,0.0005000000000000001,BE_STOP,17.0,5,4,CHOP
XRPUSDT,2026-08-21 22:32:00+00:00,0.007017350293268333,TP,8.0,8,0,CHOP
NEARUSDT,2026-08-21 22:46:00+00:00,0.0005000000000000001,BE_STOP,34.0,8,0,TREND
ETHUSDT,2026-08-21 23:24:00+00:00,0.0005000000000000001,BE_STOP,63.0,7,0,TREND
BTCUSDT,2026-08-21 23:44:00+00:00,0.0005000000000000001,BE_STOP,58.0,8,6,CHOP
NEARUSDT,2026-08-21 23:52:00+00:00,0.0005000000000000001,BE_STOP,7.0,8,0,CHOP
BTCUSDT,2026-08-22 00:06:00+00:00,0.004600000000000001,TP,94.0,8,5,CHOP
BTCUSDT,2026-08-22 00:06:00+00:00,0.004600000000000001,TP,14.0,8,6,TREND
BTCUSDT,2026-08-22 00:56:00+00:00,0.0005000000000000001,BE_STOP,46.0,8,6,TREND
ETHUSDT,2026-08-22 01:08:00+00:00,0.0005000000000000001,BE_STOP,12.0,8,1,TREND
BTCUSDT,2026-08-22 03:03:00+00:00,0.004600000000000001,TP,115.0,8,6,CHOP
NEARUSDT,2026-08-22 03:13:00+00:00,0.004600000000000001,TP,10.0,8,0,TREND
XRPUSDT,2026-08-22 03:17:00+00:00,0.004600000000000001,TP,4.0,8,0,TREND
ETHUSDT,2026-08-22 03:28:00+00:00,0.0005000000000000001,BE_STOP,10.0,8,1,CHOP
BTCUSDT,2026-08-22 03:33:00+00:00,0.0005000000000000001,BE_STOP,338.0,5,3,CHOP
BTCUSDT,2026-08-22 03:33:00+00:00,0.0005000000000000001,BE_STOP,325.0,6,5,CHOP
XRPUSDT,2026-08-22 04:17:00+00:00,0.006782385443890727,TP,42.0,8,0,TREND
NEARUSDT,2026-08-22 04:26:00+00:00,0.004600000000000001,TP,9.0,8,0,TREND
XRPUSDT,2026-08-22 04:31:00+00:00,0.0059216862825948674,TP,5.0,8,0,TREND
NEARUSDT,2026-08-22 04:49:00+00:00,0.0005000000000000001,BE_STOP,17.0,8,0,TREND
SOLUSDT,2026-08-22 05:09:00+00:00,-0.0414,MAE_KILL,20.0,8,0,TREND
ETHUSDT,2026-08-22 05:10:00+00:00,-0.0414,MAE_KILL,346.0,8,0,TREND
BTCUSDT,2026-08-22 05:10:00+00:00,0.004600000000000001,TP,302.0,7,5,TREND
SOLUSDT,2026-08-22 05:16:00+00:00,0.026461054641450273,TP,3.0,7,0,CHOP
BTCUSDT,2026-08-22 05:16:00+00:00,0.004600000000000001,TP,1.0,8,6,CHOP
BTCUSDT,2026-08-22 05:17:00+00:00,0.0005000000000000001,BE_STOP,6.0,6,5,CHOP
BTCUSDT,2026-08-22 05:26:00+00:00,0.0005000000000000001,BE_STOP,9.0,6,5,CHOP
BTCUSDT,2026-08-22 05:33:00+00:00,0.0005000000000000001,BE_STOP,7.0,8,6,CHOP
BTCUSDT,2026-08-22 05:47:00+00:00,0.0005000000000000001,BE_STOP,14.0,8,6,CHOP
BTCUSDT,2026-08-22 07:10:00+00:00,0.0005000000000000001,BE_STOP,81.0,8,6,CHOP
BTCUSDT,2026-08-22 08:44:00+00:00,0.0005000000000000001,BE_STOP,90.0,8,6,CHOP
BTCUSDT,2026-08-22 09:59:00+00:00,0.0005000000000000001,BE_STOP,73.0,8,6,TREND
SOLUSDT,2026-08-22 10:02:00+00:00,0.004600000000000001,TP,3.0,8,1,CHOP
BTCUSDT,2026-08-22 10:17:00+00:00,0.0005000000000000001,BE_STOP,13.0,8,6,TREND
BTCUSDT,2026-08-22 10:28:00+00:00,0.0005000000000000001,BE_STOP,11.0,8,6,CHOP
BTCUSDT,2026-08-22 10:31:00+00:00,0.0005000000000000001,BE_STOP,308.0,8,6,CHOP
NEARUSDT,2026-08-22 11:05:00+00:00,0.0005000000000000001,BE_STOP,37.0,8,0,CHOP
NEARUSDT,2026-08-22 11:05:00+00:00,0.0005000000000000001,BE_STOP,34.0,8,1,CHOP
NEARUSDT,2026-08-22 11:12:00+00:00,0.0005000000000000001,BE_STOP,5.0,8,1,CHOP
NEARUSDT,2026-08-22 11:24:00+00:00,0.004600000000000001,TP,19.0,7,0,CHOP
ETHUSDT,2026-08-22 11:44:00+00:00,0.004600000000000001,TP,20.0,8,0,CHOP
XRPUSDT,2026-08-22 12:02:00+00:00,0.004600000000000001,TP,18.0,8,0,CHOP
SOLUSDT,2026-08-22 12:10:00+00:00,0.0005000000000000001,BE_STOP,411.0,7,0,CHOP
BTCUSDT,2026-08-22 16:54:00+00:00,0.0005000000000000001,BE_STOP,292.0,8,6,CHOP
BTCUSDT,2026-08-22 16:54:00+00:00,0.0005000000000000001,BE_STOP,282.0,8,7,CHOP
NEARUSDT,2026-08-22 18:41:00+00:00,-0.0264,MAE_KILL,107.0,7,0,CHOP
BTCUSDT,2026-08-22 21:09:00+00:00,0.0005000000000000001,BE_STOP,148.0,8,6,CHOP
ETHUSDT,2026-08-22 21:20:00+00:00,0.0005000000000000001,BE_STOP,264.0,8,0,CHOP
ETHUSDT,2026-08-22 21:56:00+00:00,0.004600000000000001,TP,36.0,8,0,CHOP
BTCUSDT,2026-08-22 22:06:00+00:00,0.0005000000000000001,BE_STOP,56.0,8,6,CHOP
BTCUSDT,2026-08-23 01:57:00+00:00,0.0005000000000000001,BE_STOP,231.0,8,7,CHOP
BTCUSDT,2026-08-23 04:08:00+00:00,0.004600000000000001,TP,131.0,8,7,CHOP
BTCUSDT,2026-08-23 05:08:00+00:00,0.004600000000000001,TP,1076.0,8,5,CHOP
BTCUSDT,2026-08-23 05:08:00+00:00,0.004600000000000001,TP,431.0,8,7,CHOP
BTCUSDT,2026-08-23 05:08:00+00:00,0.004600000000000001,TP,59.0,8,7,CHOP
BTCUSDT,2026-08-23 05:14:00+00:00,-0.0414,MAE_KILL,2655.0,4,0,TREND
BTCUSDT,2026-08-23 05:14:00+00:00,0.004600000000000001,TP,2377.0,5,4,CHOP
BTCUSDT,2026-08-23 05:14:00+00:00,0.004600000000000001,TP,4.0,7,5,CHOP
BTCUSDT,2026-08-23 05:14:00+00:00,0.004600000000000001,TP,2.0,8,6,TREND
XRPUSDT,2026-08-23 05:15:00+00:00,0.0005000000000000001,BE_STOP,7.0,6,0,CHOP
BTCUSDT,2026-08-23 05:17:00+00:00,-0.0414,MAE_KILL,1549.0,8,6,CHOP
BTCUSDT,2026-08-23 05:17:00+00:00,0.004600000000000001,TP,2.0,4,3,TREND
BTCUSDT,2026-08-23 06:14:00+00:00,0.0005000000000000001,BE_STOP,53.0,5,3,TREND
BTCUSDT,2026-08-23 06:14:00+00:00,0.0005000000000000001,BE_STOP,51.0,6,4,TREND
XRPUSDT,2026-08-23 06:23:00+00:00,0.0005000000000000001,BE_STOP,5.0,7,0,TREND
ETHUSDT,2026-08-23 06:33:00+00:00,0.004600000000000001,TP,65.0,8,1,TREND
XRPUSDT,2026-08-23 06:38:00+00:00,0.0005000000000000001,BE_STOP,15.0,8,1,TREND
XRPUSDT,2026-08-23 07:17:00+00:00,0.004600000000000001,TP,57.0,8,1,TREND
ETHUSDT,2026-08-23 07:22:00+00:00,0.0005000000000000001,BE_STOP,44.0,8,1,TREND
NEARUSDT,2026-08-23 07:29:00+00:00,0.0005000000000000001,BE_STOP,7.0,8,0,CHOP
SOLUSDT,2026-08-23 08:11:00+00:00,0.0005000000000000001,BE_STOP,41.0,8,1,CHOP
SOLUSDT,2026-08-23 08:47:00+00:00,0.0005000000000000001,BE_STOP,202.0,7,0,CHOP
BTCUSDT,2026-08-23 08:57:00+00:00,0.0005000000000000001,BE_STOP,143.0,8,3,TREND
BTCUSDT,2026-08-23 08:57:00+00:00,0.0005000000000000001,BE_STOP,100.0,8,4,CHOP
XRPUSDT,2026-08-23 09:35:00+00:00,0.004600000000000001,TP,38.0,7,0,CHOP
ETHUSDT,2026-08-23 09:37:00+00:00,0.0005000000000000001,BE_STOP,38.0,8,1,CHOP
BTCUSDT,2026-08-23 10:06:00+00:00,0.004600000000000001,TP,115.0,8,5,TREND
BTCUSDT,2026-08-23 11:20:00+00:00,0.004600000000000001,TP,153.0,8,6,CHOP
BTCUSDT,2026-08-23 11:20:00+00:00,0.004600000000000001,TP,73.0,8,5,CHOP
ETHUSDT,2026-08-23 13:18:00+00:00,-0.0414,MAE_KILL,481.0,3,0,TREND
BTCUSDT,2026-08-23 13:19:00+00:00,0.004600000000000001,TP,117.0,7,4,TREND
BTCUSDT,2026-08-23 13:19:00+00:00,0.004600000000000001,TP,114.0,8,5,TREND
SOLUSDT,2026-08-23 14:06:00+00:00,0.0005000000000000001,BE_STOP,44.0,7,0,TREND
XRPUSDT,2026-08-23 14:11:00+00:00,0.004600000000000001,TP,5.0,8,0,TREND
NEARUSDT,2026-08-23 14:16:00+00:00,0.0005000000000000001,BE_STOP,3.0,8,0,TREND
ETHUSDT,2026-08-23 14:42:00+00:00,0.004600000000000001,TP,305.0,8,1,CHOP
NEARUSDT,2026-08-23 17:14:00+00:00,-0.0264,MAE_KILL,151.0,8,0,CHOP
XRPUSDT,2026-08-23 17:22:00+00:00,0.004600000000000001,TP,7.0,8,0,CHOP
BTCUSDT,2026-08-23 21:16:00+00:00,0.004600000000000001,TP,233.0,8,5,CHOP
BTCUSDT,2026-08-23 21:22:00+00:00,0.004600000000000001,TP,482.0,6,4,TREND
ETHUSDT,2026-08-23 21:25:00+00:00,0.0005000000000000001,BE_STOP,429.0,8,2,TREND
ETHUSDT,2026-08-23 21:29:00+00:00,0.0047317683051642705,TP,485.0,8,1,CHOP
BTCUSDT,2026-08-23 22:10:00+00:00,-0.01262776486572086,MAX_AGE,2880.0,7,6,CHOP
ETHUSDT,2026-08-23 23:03:00+00:00,0.004600000000000001,TP,53.0,8,0,CHOP
ETHUSDT,2026-08-23 23:07:00+00:00,0.0005000000000000001,BE_STOP,3.0,8,0,CHOP
BTCUSDT,2026-08-24 00:49:00+00:00,0.0005000000000000001,BE_STOP,102.0,8,7,CHOP
NEARUSDT,2026-08-24 00:52:00+00:00,0.0005000000000000001,BE_STOP,3.0,8,0,CHOP
XRPUSDT,2026-08-24 01:15:00+00:00,0.004600000000000001,TP,23.0,8,0,CHOP
BTCUSDT,2026-08-24 01:33:00+00:00,0.0005000000000000001,BE_STOP,17.0,8,7,CHOP
ETHUSDT,2026-08-24 01:51:00+00:00,0.004600000000000001,TP,18.0,8,0,CHOP
BTCUSDT,2026-08-24 02:05:00+00:00,0.0005000000000000001,BE_STOP,13.0,8,7,CHOP
NEARUSDT,2026-08-24 02:37:00+00:00,-0.0264,MAE_KILL,32.0,8,0,CHOP
BTCUSDT,2026-08-24 03:33:00+00:00,-0.021503773716845965,MAX_AGE,2880.0,7,5,CHOP
XRPUSDT,2026-08-24 03:38:00+00:00,0.0005000000000000001,BE_STOP,5.0,8,0,CHOP
BTCUSDT,2026-08-24 05:04:00+00:00,0.0005000000000000001,BE_STOP,86.0,8,7,CHOP
SOLUSDT,2026-08-24 05:15:00+00:00,0.004600000000000001,TP,11.0,8,0,CHOP
BTCUSDT,2026-08-24 06:33:00+00:00,0.0005000000000000001,BE_STOP,78.0,8,7,CHOP
XRPUSDT,2026-08-24 06:49:00+00:00,0.0005000000000000001,BE_STOP,16.0,8,0,CHOP
BTCUSDT,2026-08-24 07:21:00+00:00,0.0005000000000000001,BE_STOP,284.0,8,7,CHOP
BTCUSDT,2026-08-24 07:21:00+00:00,0.0005000000000000001,BE_STOP,31.0,8,7,CHOP
BTCUSDT,2026-08-24 10:41:00+00:00,0.0005000000000000001,BE_STOP,197.0,8,7,CHOP
BTCUSDT,2026-08-24 10:43:00+00:00,0.0005000000000000001,BE_STOP,202.0,7,6,CHOP
ETHUSDT,2026-08-24 11:07:00+00:00,0.0005000000000000001,BE_STOP,25.0,8,0,CHOP
BTCUSDT,2026-08-24 11:07:00+00:00,0.0005000000000000001,BE_STOP,23.0,8,6,CHOP
BTCUSDT,2026-08-24 11:36:00+00:00,0.004600000000000001,TP,859.0,8,5,CHOP
BTCUSDT,2026-08-24 11:36:00+00:00,0.004600000000000001,TP,851.0,8,6,CHOP
BTCUSDT,2026-08-24 11:37:00+00:00,0.004600000000000001,TP,855.0,8,5,CHOP
BTCUSDT,2026-08-24 11:40:00+00:00,0.004600000000000001,TP,850.0,8,7,TREND
NEARUSDT,2026-08-24 11:44:00+00:00,0.004600000000000001,TP,3.0,6,0,CHOP
SOLUSDT,2026-08-24 12:17:00+00:00,0.0005000000000000001,BE_STOP,70.0,7,0,CHOP
SOLUSDT,2026-08-24 12:17:00+00:00,0.0005000000000000001,BE_STOP,68.0,8,1,CHOP
BTCUSDT,2026-08-24 12:34:00+00:00,0.0005000000000000001,BE_STOP,51.0,7,3,CHOP
BTCUSDT,2026-08-24 12:34:00+00:00,0.0005000000000000001,BE_STOP,49.0,7,4,CHOP
BTCUSDT,2026-08-24 12:41:00+00:00,0.004600000000000001,TP,54.0,8,5,CHOP
BTCUSDT,2026-08-24 12:42:00+00:00,0.004600000000000001,TP,64.0,6,3,CHOP
BTCUSDT,2026-08-24 12:50:00+00:00,0.004600000000000001,TP,14.0,7,4,CHOP
BTCUSDT,2026-08-24 12:51:00+00:00,-0.0414,MAE_KILL,1892.0,4,2,TREND
BTCUSDT,2026-08-24 12:51:00+00:00,0.004600000000000001,TP,8.0,7,3,TREND
ETHUSDT,2026-08-24 12:51:00+00:00,0.004600000000000001,TP,6.0,8,0,CHOP
SOLUSDT,2026-08-24 12:53:00+00:00,0.0005000000000000001,BE_STOP,3.0,8,2,CHOP
NEARUSDT,2026-08-24 13:01:00+00:00,0.0005000000000000001,BE_STOP,23.0,8,0,CHOP
BTCUSDT,2026-08-24 13:01:00+00:00,0.0005000000000000001,BE_STOP,9.0,6,1,TREND
BTCUSDT,2026-08-24 13:15:00+00:00,0.0005000000000000001,BE_STOP,17.0,7,2,TREND
BTCUSDT,2026-08-24 13:16:00+00:00,0.0005000000000000001,BE_STOP,16.0,8,3,TREND
BTCUSDT,2026-08-24 13:16:00+00:00,0.0005000000000000001,BE_STOP,14.0,7,3,TREND
BTCUSDT,2026-08-24 13:16:00+00:00,0.0005000000000000001,BE_STOP,12.0,8,4,TREND
BTCUSDT,2026-08-24 13:33:00+00:00,0.004600000000000001,TP,12.0,7,3,TREND
BTCUSDT,2026-08-24 13:40:00+00:00,0.004600000000000001,TP,23.0,5,1,TREND
BTCUSDT,2026-08-24 13:40:00+00:00,0.004600000000000001,TP,21.0,6,2,TREND
BTCUSDT,2026-08-24 13:40:00+00:00,0.004600000000000001,TP,16.0,8,4,TREND
BTCUSDT,2026-08-24 13:42:00+00:00,0.004600000000000001,TP,9.0,8,4,TREND
BTCUSDT,2026-08-24 13:45:00+00:00,0.004600000000000001,TP,4.0,6,2,TREND
SOLUSDT,2026-08-24 13:46:00+00:00,0.004600000000000001,TP,87.0,8,1,CHOP
SOLUSDT,2026-08-24 13:47:00+00:00,0.0005000000000000001,BE_STOP,90.0,7,0,CHOP
BTCUSDT,2026-08-24 13:48:00+00:00,0.0005000000000000001,BE_STOP,5.0,6,2,CHOP
BTCUSDT,2026-08-24 13:54:00+00:00,0.0005000000000000001,BE_STOP,6.0,4,2,CHOP
BTCUSDT,2026-08-24 13:55:00+00:00,0.0005000000000000001,BE_STOP,5.0,5,3,CHOP
BTCUSDT,2026-08-24 14:15:00+00:00,0.004600000000000001,TP,13.0,8,3,CHOP
BTCUSDT,2026-08-24 14:23:00+00:00,-0.0414,MAE_KILL,1728.0,8,5,CHOP
ETHUSDT,2026-08-24 14:23:00+00:00,0.004600000000000001,TP,7.0,8,0,CHOP
NEARUSDT,2026-08-24 14:26:00+00:00,0.004600000000000001,TP,2.0,7,1,CHOP
BTCUSDT,2026-08-24 14:32:00+00:00,0.004600000000000001,TP,5.0,7,2,CHOP
NEARUSDT,2026-08-24 14:33:00+00:00,-0.0264,MAE_KILL,33.0,7,0,CHOP
SOLUSDT,2026-08-24 14:33:00+00:00,0.004600000000000001,TP,4.0,8,3,CHOP
SOLUSDT,2026-08-24 14:43:00+00:00,0.0005000000000000001,BE_STOP,107.0,6,2,CHOP
SOLUSDT,2026-08-24 14:43:00+00:00,0.0005000000000000001,BE_STOP,6.0,8,3,CHOP
BTCUSDT,2026-08-24 14:48:00+00:00,0.0005000000000000001,BE_STOP,16.0,8,2,CHOP
SOLUSDT,2026-08-24 14:50:00+00:00,0.0005000000000000001,BE_STOP,7.0,7,2,CHOP
SOLUSDT,2026-08-24 15:22:00+00:00,0.004600000000000001,TP,34.0,8,3,CHOP
ETHUSDT,2026-08-24 15:30:00+00:00,0.0005000000000000001,BE_STOP,45.0,8,0,CHOP
BTCUSDT,2026-08-24 15:38:00+00:00,0.0005000000000000001,BE_STOP,64.0,7,3,CHOP
ETHUSDT,2026-08-24 15:43:00+00:00,0.004600000000000001,TP,52.0,8,1,CHOP
ETHUSDT,2026-08-24 15:43:00+00:00,0.004600000000000001,TP,4.0,8,1,CHOP
BTCUSDT,2026-08-24 15:57:00+00:00,0.004600000000000001,TP,13.0,7,4,CHOP
BTCUSDT,2026-08-24 15:57:00+00:00,0.004600000000000001,TP,11.0,8,5,CHOP
BTCUSDT,2026-08-24 16:56:00+00:00,0.0005000000000000001,BE_STOP,56.0,8,5,CHOP
BTCUSDT,2026-08-24 17:02:00+00:00,0.004600000000000001,TP,6.0,8,5,CHOP
BTCUSDT,2026-08-24 17:05:00+00:00,0.0005000000000000001,BE_STOP,67.0,7,4,CHOP
BTCUSDT,2026-08-24 17:22:00+00:00,0.004600000000000001,TP,17.0,8,5,CHOP
BTCUSDT,2026-08-24 17:27:00+00:00,0.0005000000000000001,BE_STOP,24.0,8,5,CHOP
BTCUSDT,2026-08-24 17:37:00+00:00,0.0005000000000000001,BE_STOP,10.0,8,5,CHOP
NEARUSDT,2026-08-24 19:21:00+00:00,0.0005000000000000001,BE_STOP,104.0,8,0,CHOP
SOLUSDT,2026-08-24 22:37:00+00:00,-0.0414,MAE_KILL,524.0,6,1,CHOP
SOLUSDT,2026-08-24 23:43:00+00:00,-0.0414,MAE_KILL,586.0,6,2,CHOP
NEARUSDT,2026-08-25 00:00:00+00:00,0.004600000000000001,TP,17.0,8,0,CHOP
BTCUSDT,2026-08-25 00:44:00+00:00,0.004600000000000001,TP,126.0,8,6,CHOP
BTCUSDT,2026-08-25 00:45:00+00:00,0.004600000000000001,TP,45.0,8,7,CHOP
NEARUSDT,2026-08-25 00:47:00+00:00,0.004600000000000001,TP,3.0,8,0,CHOP
SOLUSDT,2026-08-25 01:05:00+00:00,0.0005000000000000001,BE_STOP,18.0,7,0,TREND
ETHUSDT,2026-08-25 01:33:00+00:00,0.0005000000000000001,BE_STOP,44.0,8,0,CHOP
BTCUSDT,2026-08-25 02:17:00+00:00,0.004600000000000001,TP,654.0,8,3,CHOP
BTCUSDT,2026-08-25 02:17:00+00:00,0.004600000000000001,TP,647.0,8,4,CHOP
BTCUSDT,2026-08-25 02:17:00+00:00,0.004600000000000001,TP,72.0,8,6,TREND
ETHUSDT,2026-08-25 02:17:00+00:00,0.004600000000000001,TP,44.0,8,0,TREND
XRPUSDT,2026-08-25 02:28:00+00:00,0.004600000000000001,TP,3.0,8,0,CHOP
BTCUSDT,2026-08-25 02:33:00+00:00,0.0005000000000000001,BE_STOP,12.0,6,5,CHOP
BTCUSDT,2026-08-25 02:41:00+00:00,0.004600000000000001,TP,18.0,7,6,CHOP
BTCUSDT,2026-08-25 02:44:00+00:00,0.0005000000000000001,BE_STOP,25.0,5,4,CHOP
ETHUSDT,2026-08-25 02:44:00+00:00,0.0005000000000000001,BE_STOP,11.0,8,0,CHOP
BTCUSDT,2026-08-25 03:52:00+00:00,0.0005000000000000001,BE_STOP,57.0,8,6,TREND
BTCUSDT,2026-08-25 04:00:00+00:00,0.0005000000000000001,BE_STOP,68.0,7,5,TREND
BTCUSDT,2026-08-25 04:03:00+00:00,0.0005000000000000001,BE_STOP,11.0,8,6,TREND
BTCUSDT,2026-08-25 04:09:00+00:00,0.0005000000000000001,BE_STOP,9.0,8,6,CHOP
BTCUSDT,2026-08-25 04:33:00+00:00,0.0005000000000000001,BE_STOP,24.0,8,5,CHOP
SOLUSDT,2026-08-25 05:00:00+00:00,0.0005000000000000001,BE_STOP,25.0,8,0,CHOP
BTCUSDT,2026-08-25 05:32:00+00:00,0.004600000000000001,TP,32.0,8,5,CHOP
NEARUSDT,2026-08-25 06:41:00+00:00,0.004600000000000001,TP,158.0,8,1,CHOP
NEARUSDT,2026-08-25 06:49:00+00:00,-0.0264,MAE_KILL,260.0,8,0,CHOP
BTCUSDT,2026-08-25 07:49:00+00:00,0.004600000000000001,TP,68.0,8,5,CHOP
BTCUSDT,2026-08-25 07:49:00+00:00,0.004600000000000001,TP,60.0,8,6,CHOP
BTCUSDT,2026-08-25 09:51:00+00:00,0.004600000000000001,TP,117.0,8,6,CHOP
BTCUSDT,2026-08-25 09:52:00+00:00,0.004600000000000001,TP,120.0,7,5,CHOP
SOLUSDT,2026-08-25 12:03:00+00:00,-0.0414,MAE_KILL,391.0,8,0,CHOP
BTCUSDT,2026-08-25 12:07:00+00:00,0.004600000000000001,TP,131.0,8,6,CHOP
BTCUSDT,2026-08-25 12:12:00+00:00,0.0005000000000000001,BE_STOP,138.0,7,5,CHOP
BTCUSDT,2026-08-25 12:12:00+00:00,0.0005000000000000001,BE_STOP,9.0,8,7,CHOP
ETHUSDT,2026-08-25 12:24:00+00:00,0.0005000000000000001,BE_STOP,17.0,8,0,CHOP
BTCUSDT,2026-08-25 12:28:00+00:00,0.0005000000000000001,BE_STOP,4.0,8,5,TREND
NEARUSDT,2026-08-25 13:02:00+00:00,0.0005000000000000001,BE_STOP,44.0,8,0,CHOP
BTCUSDT,2026-08-25 13:24:00+00:00,0.0005000000000000001,BE_STOP,56.0,8,5,TREND
BTCUSDT,2026-08-25 13:51:00+00:00,0.004600000000000001,TP,1228.0,8,5,CHOP
BTCUSDT,2026-08-25 13:51:00+00:00,0.004600000000000001,TP,1110.0,8,5,CHOP
BTCUSDT,2026-08-25 13:51:00+00:00,0.004600000000000001,TP,27.0,8,5,TREND
BTCUSDT,2026-08-25 13:54:00+00:00,0.0005000000000000001,BE_STOP,1439.0,5,2,CHOP
NEARUSDT,2026-08-25 14:06:00+00:00,0.00519306017368331,TP,6.0,8,0,CHOP
BTCUSDT,2026-08-25 14:25:00+00:00,0.004600000000000001,TP,19.0,8,4,TREND
BTCUSDT,2026-08-25 14:35:00+00:00,0.0005000000000000001,BE_STOP,10.0,8,4,CHOP
ETHUSDT,2026-08-25 14:39:00+00:00,0.0005000000000000001,BE_STOP,97.0,8,0,CHOP
SOLUSDT,2026-08-25 14:59:00+00:00,0.0005000000000000001,BE_STOP,20.0,8,1,CHOP
NEARUSDT,2026-08-25 15:07:00+00:00,0.0005000000000000001,BE_STOP,8.0,8,0,CHOP
BTCUSDT,2026-08-25 15:48:00+00:00,0.0005000000000000001,BE_STOP,73.0,8,4,CHOP
BTCUSDT,2026-08-25 16:08:00+00:00,0.0005000000000000001,BE_STOP,61.0,8,5,CHOP
SOLUSDT,2026-08-25 17:18:00+00:00,0.0005000000000000001,BE_STOP,89.0,8,1,CHOP
NEARUSDT,2026-08-25 17:32:00+00:00,0.0005000000000000001,BE_STOP,14.0,8,0,CHOP
XRPUSDT,2026-08-25 18:27:00+00:00,0.0005000000000000001,BE_STOP,139.0,8,1,CHOP
ETHUSDT,2026-08-25 18:31:00+00:00,0.0005000000000000001,BE_STOP,57.0,8,0,CHOP
BTCUSDT,2026-08-25 20:51:00+00:00,0.0005000000000000001,BE_STOP,416.0,6,3,CHOP
SOLUSDT,2026-08-25 21:07:00+00:00,0.004600000000000001,TP,429.0,7,0,TREND
ETHUSDT,2026-08-25 21:07:00+00:00,0.004600000000000001,TP,15.0,8,0,CHOP
BTCUSDT,2026-08-25 21:08:00+00:00,-0.0414,MAE_KILL,1106.0,8,5,TREND
XRPUSDT,2026-08-25 21:08:00+00:00,-0.0414,MAE_KILL,532.0,7,0,TREND
BTCUSDT,2026-08-25 21:11:00+00:00,0.0005000000000000001,BE_STOP,1885.0,5,2,CHOP
BTCUSDT,2026-08-25 21:13:00+00:00,0.0005000000000000001,BE_STOP,440.0,6,3,CHOP
ETHUSDT,2026-08-25 21:26:00+00:00,0.0005000000000000001,BE_STOP,10.0,7,1,TREND
XRPUSDT,2026-08-25 21:29:00+00:00,0.0005000000000000001,BE_STOP,11.0,8,0,CHOP
BTCUSDT,2026-08-25 22:08:00+00:00,0.004600000000000001,TP,42.0,8,2,TREND
BTCUSDT,2026-08-25 22:08:00+00:00,0.004600000000000001,TP,37.0,8,3,CHOP
ETHUSDT,2026-08-25 23:10:00+00:00,0.0005000000000000001,BE_STOP,62.0,7,1,CHOP
BTCUSDT,2026-08-26 00:09:00+00:00,0.004600000000000001,TP,58.0,8,3,CHOP
BTCUSDT,2026-08-26 03:07:00+00:00,0.0005000000000000001,BE_STOP,295.0,8,2,CHOP
BTCUSDT,2026-08-26 05:24:00+00:00,0.0005000000000000001,BE_STOP,137.0,8,2,CHOP
SOLUSDT,2026-08-26 10:16:00+00:00,0.0005000000000000001,BE_STOP,784.0,6,2,CHOP
ETHUSDT,2026-08-26 10:39:00+00:00,0.004600000000000001,TP,21.0,8,2,CHOP
BTCUSDT,2026-08-26 15:04:00+00:00,0.004600000000000001,TP,1074.0,6,3,TREND
BTCUSDT,2026-08-26 15:10:00+00:00,0.0005000000000000001,BE_STOP,1082.0,5,2,TREND
SOLUSDT,2026-08-26 22:15:00+00:00,0.004600000000000001,TP,1668.0,8,1,CHOP
SOLUSDT,2026-08-26 22:15:00+00:00,0.004600000000000001,TP,1664.0,8,2,CHOP
BTCUSDT,2026-08-26 22:30:00+00:00,0.0005000000000000001,BE_STOP,710.0,8,3,CHOP
SOLUSDT,2026-08-26 23:06:00+00:00,0.0005000000000000001,BE_STOP,36.0,8,0,TREND
BTCUSDT,2026-08-26 23:46:00+00:00,0.004600000000000001,TP,40.0,8,3,CHOP
BTCUSDT,2026-08-27 00:04:00+00:00,0.0005000000000000001,BE_STOP,107.0,7,3,CHOP
BTCUSDT,2026-08-27 01:25:00+00:00,0.0005000000000000001,BE_STOP,80.0,8,2,CHOP
SOLUSDT,2026-08-27 01:29:00+00:00,0.004600000000000001,TP,4.0,8,0,TREND
NEARUSDT,2026-08-27 04:36:00+00:00,-0.0264,MAE_KILL,290.0,8,0,TREND
BTCUSDT,2026-08-27 08:04:00+00:00,0.004600000000000001,TP,1599.0,8,2,CHOP
ETHUSDT,2026-08-27 08:04:00+00:00,0.004600000000000001,TP,395.0,8,4,CHOP
ETHUSDT,2026-08-27 08:05:00+00:00,0.0005000000000000001,BE_STOP,586.0,8,3,TREND
ETHUSDT,2026-08-27 08:09:00+00:00,-0.0414,MAE_KILL,2095.0,6,0,TREND
SOLUSDT,2026-08-27 08:09:00+00:00,0.004600000000000001,TP,1.0,7,0,CHOP
BTCUSDT,2026-08-27 08:10:00+00:00,0.004600000000000001,TP,5.0,6,2,CHOP
SOLUSDT,2026-08-27 08:25:00+00:00,0.006042294059953992,TP,11.0,7,0,CHOP
ETHUSDT,2026-08-27 08:29:00+00:00,-0.0414,MAE_KILL,1940.0,8,1,CHOP
ETHUSDT,2026-08-27 08:30:00+00:00,-0.0414,MAE_KILL,1045.0,8,2,CHOP
ETHUSDT,2026-08-27 08:30:00+00:00,0.004600000000000001,TP,20.0,5,2,CHOP
BTCUSDT,2026-08-27 08:39:00+00:00,0.0005000000000000001,BE_STOP,27.0,6,2,TREND
BTCUSDT,2026-08-27 08:43:00+00:00,0.004600000000000001,TP,26.0,8,3,TREND
SOLUSDT,2026-08-27 08:45:00+00:00,0.004600000000000001,TP,6.0,8,1,CHOP
SOLUSDT,2026-08-27 08:48:00+00:00,0.004600000000000001,TP,17.0,6,0,CHOP
NEARUSDT,2026-08-27 08:51:00+00:00,0.0005000000000000001,BE_STOP,6.0,8,0,TREND
BTCUSDT,2026-08-27 08:55:00+00:00,0.0005000000000000001,BE_STOP,28.0,8,4,TREND
SOLUSDT,2026-08-27 09:01:00+00:00,0.0005000000000000001,BE_STOP,9.0,8,0,TREND
XRPUSDT,2026-08-27 09:25:00+00:00,0.004600000000000001,TP,52.0,7,0,CHOP
BTCUSDT,2026-08-27 09:26:00+00:00,0.004600000000000001,TP,51.0,8,5,TREND
BTCUSDT,2026-08-27 09:26:00+00:00,0.004600000000000001,TP,43.0,8,4,TREND
BTCUSDT,2026-08-27 09:26:00+00:00,0.004600000000000001,TP,38.0,8,5,TREND
BTCUSDT,2026-08-27 10:28:00+00:00,0.0005000000000000001,BE_STOP,87.0,8,6,TREND
BTCUSDT,2026-08-27 10:29:00+00:00,0.0005000000000000001,BE_STOP,93.0,8,5,TREND
BTCUSDT,2026-08-27 10:41:00+00:00,0.0005000000000000001,BE_STOP,13.0,8,5,CHOP
BTCUSDT,2026-08-27 10:41:00+00:00,0.0005000000000000001,BE_STOP,10.0,8,5,CHOP
ETHUSDT,2026-08-27 11:34:00+00:00,0.0005000000000000001,BE_STOP,51.0,8,1,CHOP
SOLUSDT,2026-08-27 11:52:00+00:00,0.0005000000000000001,BE_STOP,14.0,8,1,TREND
BTCUSDT,2026-08-27 11:54:00+00:00,0.0005000000000000001,BE_STOP,73.0,7,4,CHOP
XRPUSDT,2026-08-27 12:31:00+00:00,0.004600000000000001,TP,36.0,8,0,CHOP
SOLUSDT,2026-08-27 12:52:00+00:00,0.0005000000000000001,BE_STOP,20.0,8,1,TREND
SOLUSDT,2026-08-27 13:10:00+00:00,0.0005000000000000001,BE_STOP,18.0,8,1,TREND
BTCUSDT,2026-08-27 13:43:00+00:00,0.0005000000000000001,BE_STOP,111.0,8,5,CHOP
BTCUSDT,2026-08-27 13:52:00+00:00,0.0005000000000000001,BE_STOP,42.0,8,5,CHOP
XRPUSDT,2026-08-27 13:56:00+00:00,0.004600000000000001,TP,12.0,8,0,CHOP
SOLUSDT,2026-08-27 13:57:00+00:00,0.004600000000000001,TP,271.0,5,0,TREND
SOLUSDT,2026-08-27 13:57:00+00:00,0.004600000000000001,TP,4.0,8,1,CHOP
ETHUSDT,2026-08-27 14:07:00+00:00,0.0005000000000000001,BE_STOP,8.0,7,1,CHOP
BTCUSDT,2026-08-27 14:07:00+00:00,0.0005000000000000001,BE_STOP,6.0,8,5,CHOP
BTCUSDT,2026-08-27 14:09:00+00:00,0.0005000000000000001,BE_STOP,13.0,8,4,CHOP
XRPUSDT,2026-08-27 14:19:00+00:00,0.004600000000000001,TP,7.0,8,0,CHOP
NEARUSDT,2026-08-27 14:20:00+00:00,0.004600000000000001,TP,10.0,7,0,CHOP
SOLUSDT,2026-08-27 14:25:00+00:00,0.0005000000000000001,BE_STOP,6.0,8,0,CHOP
BTCUSDT,2026-08-27 14:35:00+00:00,0.004600000000000001,TP,27.0,7,5,CHOP
BTCUSDT,2026-08-27 14:36:00+00:00,0.004600000000000001,TP,15.0,8,5,CHOP
BTCUSDT,2026-08-27 14:41:00+00:00,0.004600000000000001,TP,16.0,8,6,CHOP
XRPUSDT,2026-08-27 14:42:00+00:00,0.004600000000000001,TP,6.0,7,0,CHOP
BTCUSDT,2026-08-27 15:13:00+00:00,0.004600000000000001,TP,34.0,8,5,CHOP
BTCUSDT,2026-08-27 15:13:00+00:00,0.004600000000000001,TP,28.0,8,6,CHOP
BTCUSDT,2026-08-27 15:22:00+00:00,0.0005000000000000001,BE_STOP,352.0,7,4,TREND
BTCUSDT,2026-08-27 15:22:00+00:00,0.0005000000000000001,BE_STOP,350.0,8,5,TREND
BTCUSDT,2026-08-27 15:22:00+00:00,0.0005000000000000001,BE_STOP,39.0,7,5,CHOP
XRPUSDT,2026-08-27 15:36:00+00:00,0.0005000000000000001,BE_STOP,12.0,6,0,CHOP
NEARUSDT,2026-08-27 15:38:00+00:00,0.0005000000000000001,BE_STOP,5.0,8,0,CHOP
BTCUSDT,2026-08-27 16:11:00+00:00,0.0005000000000000001,BE_STOP,33.0,8,3,CHOP
SOLUSDT,2026-08-27 16:21:00+00:00,0.0005000000000000001,BE_STOP,68.0,7,0,CHOP
SOLUSDT,2026-08-27 16:21:00+00:00,0.0005000000000000001,BE_STOP,53.0,7,1,TREND
SOLUSDT,2026-08-27 16:22:00+00:00,0.004600000000000001,TP,11.0,8,2,TREND
ETHUSDT,2026-08-27 16:46:00+00:00,0.0005000000000000001,BE_STOP,19.0,8,2,CHOP
BTCUSDT,2026-08-27 17:22:00+00:00,0.0005000000000000001,BE_STOP,127.0,8,5,CHOP
BTCUSDT,2026-08-27 17:42:00+00:00,0.0005000000000000001,BE_STOP,77.0,7,3,CHOP
BTCUSDT,2026-08-27 17:42:00+00:00,0.0005000000000000001,BE_STOP,56.0,8,4,CHOP
ETHUSDT,2026-08-27 18:13:00+00:00,0.004600000000000001,TP,157.0,8,1,CHOP
BTCUSDT,2026-08-27 18:13:00+00:00,0.004600000000000001,TP,30.0,7,3,CHOP
BTCUSDT,2026-08-27 18:13:00+00:00,0.004600000000000001,TP,27.0,8,4,CHOP
BTCUSDT,2026-08-27 18:27:00+00:00,0.0005000000000000001,BE_STOP,13.0,6,3,CHOP
BTCUSDT,2026-08-28 01:18:00+00:00,-0.0414,MAE_KILL,2045.0,8,2,CHOP
BTCUSDT,2026-08-28 01:30:00+00:00,0.004600000000000001,TP,488.0,8,4,CHOP
ETHUSDT,2026-08-28 01:34:00+00:00,0.0005000000000000001,BE_STOP,15.0,8,3,TREND
BTCUSDT,2026-08-28 01:35:00+00:00,0.0005000000000000001,BE_STOP,5.0,8,2,TREND
BTCUSDT,2026-08-28 02:53:00+00:00,0.0005000000000000001,BE_STOP,506.0,8,3,CHOP
ETHUSDT,2026-08-28 04:09:00+00:00,0.004600000000000001,TP,591.0,7,1,CHOP
ETHUSDT,2026-08-28 04:12:00+00:00,0.0005000000000000001,BE_STOP,592.0,8,2,CHOP
BTCUSDT,2026-08-28 04:13:00+00:00,0.0005000000000000001,BE_STOP,80.0,8,3,CHOP
XRPUSDT,2026-08-28 09:35:00+00:00,-0.0414,MAE_KILL,1034.0,7,0,TREND
BTCUSDT,2026-08-28 10:03:00+00:00,0.004600000000000001,TP,353.0,8,4,CHOP
ETHUSDT,2026-08-28 10:12:00+00:00,0.0005000000000000001,BE_STOP,36.0,8,1,CHOP
BTCUSDT,2026-08-28 14:05:00+00:00,0.004600000000000001,TP,240.0,8,5,CHOP
BTCUSDT,2026-08-28 14:05:00+00:00,0.004600000000000001,TP,233.0,8,6,CHOP
ETHUSDT,2026-08-28 14:13:00+00:00,0.004600000000000001,TP,6.0,8,1,CHOP
SOLUSDT,2026-08-28 14:14:00+00:00,0.0005000000000000001,BE_STOP,9.0,7,0,CHOP
SOLUSDT,2026-08-28 14:17:00+00:00,0.0005000000000000001,BE_STOP,4.0,8,1,CHOP
BTCUSDT,2026-08-28 14:18:00+00:00,0.0005000000000000001,BE_STOP,2021.0,8,2,CHOP
NEARUSDT,2026-08-28 14:34:00+00:00,0.004600000000000001,TP,14.0,8,0,CHOP
BTCUSDT,2026-08-28 15:02:00+00:00,0.0005000000000000001,BE_STOP,23.0,8,6,CHOP
BTCUSDT,2026-08-28 15:58:00+00:00,0.004600000000000001,TP,100.0,7,5,CHOP
BTCUSDT,2026-08-28 16:01:00+00:00,0.004600000000000001,TP,105.0,8,5,CHOP
XRPUSDT,2026-08-28 16:02:00+00:00,0.004600000000000001,TP,3.0,8,0,CHOP
ETHUSDT,2026-08-28 16:03:00+00:00,-0.0414,MAE_KILL,1835.0,6,0,TREND
BTCUSDT,2026-08-28 16:12:00+00:00,-0.0414,MAE_KILL,878.0,8,3,TREND
BTCUSDT,2026-08-28 16:14:00+00:00,-0.0414,MAE_KILL,878.0,8,3,TREND
BTCUSDT,2026-08-28 16:16:00+00:00,0.004600000000000001,TP,9.0,8,7,CHOP
BTCUSDT,2026-08-28 16:17:00+00:00,0.004600000000000001,TP,14.0,6,5,CHOP
BTCUSDT,2026-08-28 16:17:00+00:00,0.004600000000000001,TP,12.0,7,6,CHOP
ETHUSDT,2026-08-28 16:23:00+00:00,0.004600000000000001,TP,11.0,8,0,CHOP
NEARUSDT,2026-08-29 08:12:00+00:00,-0.0264,MAE_KILL,485.0,7,0,CHOP
NEARUSDT,2026-08-29 08:43:00+00:00,-0.0264,MAE_KILL,514.0,8,1,CHOP
BTCUSDT,2026-08-29 14:43:00+00:00,0.004600000000000001,TP,360.0,8,7,CHOP
BTCUSDT,2026-08-29 15:02:00+00:00,0.0005000000000000001,BE_STOP,902.0,4,3,CHOP
BTCUSDT,2026-08-29 15:02:00+00:00,0.0005000000000000001,BE_STOP,900.0,5,4,CHOP
BTCUSDT,2026-08-29 15:02:00+00:00,0.0005000000000000001,BE_STOP,898.0,6,5,CHOP
SOLUSDT,2026-08-29 15:06:00+00:00,0.0005000000000000001,BE_STOP,23.0,8,0,TREND
SOLUSDT,2026-08-29 19:16:00+00:00,0.004600000000000001,TP,254.0,6,1,TREND
BTCUSDT,2026-08-30 04:19:00+00:00,-0.02347674655309041,MAX_AGE,2880.0,7,4,CHOP
BTCUSDT,2026-08-30 04:22:00+00:00,-0.02364170319348779,MAX_AGE,2880.0,8,5,CHOP
BTCUSDT,2026-08-30 12:32:00+00:00,0.004600000000000001,TP,1035.0,8,5,TREND
SOLUSDT,2026-08-30 12:59:00+00:00,0.004600000000000001,TP,26.0,8,0,CHOP
NEARUSDT,2026-08-30 13:06:00+00:00,0.0005000000000000001,BE_STOP,7.0,8,0,CHOP
BTCUSDT,2026-08-30 15:02:00+00:00,-0.011063720645724865,MAX_AGE,2880.0,8,6,CHOP
ETHUSDT,2026-08-30 15:09:00+00:00,0.004600000000000001,TP,123.0,8,3,CHOP
SOLUSDT,2026-08-30 15:15:00+00:00,0.004600000000000001,TP,13.0,8,0,TREND
SOLUSDT,2026-08-30 17:24:00+00:00,0.004600000000000001,TP,127.0,8,0,CHOP
NEARUSDT,2026-08-30 18:52:00+00:00,-0.0264,MAE_KILL,217.0,7,0,CHOP
NEARUSDT,2026-08-30 18:57:00+00:00,0.004600000000000001,TP,4.0,8,0,CHOP
BTCUSDT,2026-08-30 20:43:00+00:00,0.004600000000000001,TP,105.0,8,4,CHOP
NEARUSDT,2026-08-30 20:46:00+00:00,0.0005000000000000001,BE_STOP,3.0,8,0,CHOP
BTCUSDT,2026-08-30 21:01:00+00:00,0.004600000000000001,TP,215.0,8,3,CHOP
XRPUSDT,2026-08-30 21:01:00+00:00,0.004600000000000001,TP,15.0,8,0,CHOP
ETHUSDT,2026-08-30 22:32:00+00:00,0.0005000000000000001,BE_STOP,90.0,7,3,CHOP
BTCUSDT,2026-08-30 23:19:00+00:00,0.0005000000000000001,BE_STOP,47.0,8,4,CHOP
BTCUSDT,2026-08-30 23:20:00+00:00,0.0005000000000000001,BE_STOP,136.0,8,3,CHOP
ETHUSDT,2026-08-30 23:23:00+00:00,0.004600000000000001,TP,1141.0,8,2,CHOP
ETHUSDT,2026-08-30 23:23:00+00:00,0.004600000000000001,TP,4.0,8,3,CHOP
BTCUSDT,2026-08-30 23:26:00+00:00,0.0005000000000000001,BE_STOP,1147.0,8,5,CHOP
NEARUSDT,2026-08-30 23:28:00+00:00,0.004600000000000001,TP,4.0,6,0,CHOP
ETHUSDT,2026-08-30 23:29:00+00:00,0.004600000000000001,TP,1942.0,7,0,TREND
ETHUSDT,2026-08-30 23:29:00+00:00,0.004600000000000001,TP,1940.0,8,1,TREND
BTCUSDT,2026-08-30 23:30:00+00:00,0.004600000000000001,TP,4.0,6,2,CHOP
BTCUSDT,2026-08-30 23:31:00+00:00,0.0005000000000000001,BE_STOP,1947.0,7,4,CHOP
BTCUSDT,2026-08-30 23:37:00+00:00,0.0005000000000000001,BE_STOP,4.0,3,2,TREND
BTCUSDT,2026-08-30 23:41:00+00:00,0.004600000000000001,TP,11.0,3,2,TREND
ETHUSDT,2026-08-30 23:43:00+00:00,0.0005000000000000001,BE_STOP,3.0,4,0,TREND
BTCUSDT,2026-08-30 23:46:00+00:00,0.004600000000000001,TP,10.0,4,3,TREND
BTCUSDT,2026-08-30 23:47:00+00:00,0.004600000000000001,TP,2375.0,8,6,CHOP
BTCUSDT,2026-08-30 23:47:00+00:00,0.004600000000000001,TP,4.0,3,2,TREND
NEARUSDT,2026-08-31 00:16:00+00:00,0.004600000000000001,TP,9.0,8,1,TREND
ETHUSDT,2026-08-31 00:23:00+00:00,0.004600000000000001,TP,21.0,6,0,TREND
BTCUSDT,2026-08-31 00:35:00+00:00,0.004600000000000001,TP,35.0,5,2,TREND
SOLUSDT,2026-08-31 00:36:00+00:00,0.004600000000000001,TP,38.0,4,0,TREND
NEARUSDT,2026-08-31 00:38:00+00:00,-0.0264,MAE_KILL,44.0,3,0,TREND
BTCUSDT,2026-08-31 00:47:00+00:00,0.0005000000000000001,BE_STOP,30.0,8,4,TREND
NEARUSDT,2026-08-31 00:54:00+00:00,0.004600000000000001,TP,7.0,8,0,CHOP
BTCUSDT,2026-08-31 01:04:00+00:00,0.0005000000000000001,BE_STOP,59.0,7,3,TREND
ETHUSDT,2026-08-31 02:06:00+00:00,0.0005000000000000001,BE_STOP,61.0,8,0,TREND
SOLUSDT,2026-08-31 02:35:00+00:00,0.0005000000000000001,BE_STOP,28.0,8,2,TREND
ETHUSDT,2026-08-31 03:09:00+00:00,0.0005000000000000001,BE_STOP,33.0,8,0,CHOP
NEARUSDT,2026-08-31 03:19:00+00:00,0.004600000000000001,TP,10.0,8,0,CHOP
ETHUSDT,2026-08-31 04:02:00+00:00,0.0005000000000000001,BE_STOP,43.0,8,0,CHOP
SOLUSDT,2026-08-31 05:25:00+00:00,0.004600000000000001,TP,301.0,8,1,TREND
SOLUSDT,2026-08-31 05:25:00+00:00,0.004600000000000001,TP,271.0,8,1,TREND
BTCUSDT,2026-08-31 07:29:00+00:00,0.0005000000000000001,BE_STOP,123.0,7,6,CHOP
BTCUSDT,2026-08-31 07:31:00+00:00,0.0005000000000000001,BE_STOP,414.0,7,4,CHOP
BTCUSDT,2026-08-31 07:31:00+00:00,0.0005000000000000001,BE_STOP,409.0,8,6,CHOP
BTCUSDT,2026-08-31 08:03:00+00:00,0.0005000000000000001,BE_STOP,444.0,7,5,CHOP
XRPUSDT,2026-08-31 08:03:00+00:00,0.0005000000000000001,BE_STOP,31.0,7,0,CHOP
ETHUSDT,2026-08-31 08:09:00+00:00,0.0005000000000000001,BE_STOP,35.0,8,0,CHOP
SOLUSDT,2026-08-31 08:09:00+00:00,0.0005000000000000001,BE_STOP,6.0,7,0,TREND
BTCUSDT,2026-08-31 08:44:00+00:00,0.0005000000000000001,BE_STOP,75.0,8,6,CHOP
BTCUSDT,2026-08-31 08:44:00+00:00,0.0005000000000000001,BE_STOP,32.0,8,5,TREND
BTCUSDT,2026-08-31 09:08:00+00:00,0.004600000000000001,TP,22.0,8,5,CHOP
BTCUSDT,2026-08-31 09:09:00+00:00,0.004600000000000001,TP,25.0,7,4,CHOP
NEARUSDT,2026-08-31 09:11:00+00:00,0.0005000000000000001,BE_STOP,221.0,8,0,CHOP
SOLUSDT,2026-08-31 10:12:00+00:00,0.0005000000000000001,BE_STOP,59.0,8,1,TREND
BTCUSDT,2026-08-31 12:30:00+00:00,0.004600000000000001,TP,138.0,8,6,TREND
BTCUSDT,2026-08-31 12:59:00+00:00,0.0005000000000000001,BE_STOP,28.0,8,6,CHOP
BTCUSDT,2026-08-31 13:00:00+00:00,0.0005000000000000001,BE_STOP,293.0,8,4,TREND
SOLUSDT,2026-08-31 13:38:00+00:00,0.0005000000000000001,BE_STOP,329.0,7,0,TREND
ETHUSDT,2026-08-31 14:04:00+00:00,0.0005000000000000001,BE_STOP,26.0,8,1,CHOP
ETHUSDT,2026-08-31 14:41:00+00:00,0.004600000000000001,TP,99.0,8,0,CHOP
SOLUSDT,2026-08-31 14:41:00+00:00,0.004600000000000001,TP,37.0,8,0,CHOP
ETHUSDT,2026-08-31 15:47:00+00:00,0.0005000000000000001,BE_STOP,64.0,7,0,CHOP
BTCUSDT,2026-08-31 15:53:00+00:00,0.0005000000000000001,BE_STOP,68.0,8,5,CHOP
SOLUSDT,2026-08-31 16:42:00+00:00,0.0005000000000000001,BE_STOP,48.0,8,0,CHOP
XRPUSDT,2026-08-31 16:49:00+00:00,0.0005000000000000001,BE_STOP,7.0,8,1,CHOP
BTCUSDT,2026-08-31 16:57:00+00:00,0.0005000000000000001,BE_STOP,466.0,7,5,TREND
BTCUSDT,2026-08-31 16:57:00+00:00,0.0005000000000000001,BE_STOP,70.0,8,6,CHOP
BTCUSDT,2026-08-31 17:46:00+00:00,0.0005000000000000001,BE_STOP,517.0,7,4,TREND
BTCUSDT,2026-08-31 18:01:00+00:00,0.0005000000000000001,BE_STOP,72.0,8,6,CHOP
BTCUSDT,2026-08-31 18:01:00+00:00,0.0005000000000000001,BE_STOP,64.0,7,5,CHOP
SOLUSDT,2026-08-31 18:24:00+00:00,0.0005000000000000001,BE_STOP,23.0,7,0,CHOP
NEARUSDT,2026-08-31 18:42:00+00:00,0.0005000000000000001,BE_STOP,18.0,8,1,CHOP
BTCUSDT,2026-08-31 18:53:00+00:00,0.0005000000000000001,BE_STOP,66.0,8,6,CHOP
NEARUSDT,2026-08-31 19:49:00+00:00,0.0005000000000000001,BE_STOP,56.0,8,1,CHOP
SOLUSDT,2026-08-31 21:30:00+00:00,0.0005000000000000001,BE_STOP,101.0,8,0,CHOP
NEARUSDT,2026-08-31 22:57:00+00:00,-0.0264,MAE_KILL,294.0,8,0,CHOP
BTCUSDT,2026-08-31 23:19:00+00:00,0.0005000000000000001,BE_STOP,379.0,8,6,CHOP
ETHUSDT,2026-09-01 01:28:00+00:00,0.0005000000000000001,BE_STOP,129.0,8,0,CHOP
BTCUSDT,2026-09-01 01:35:00+00:00,0.0005000000000000001,BE_STOP,158.0,8,6,CHOP
BTCUSDT,2026-09-01 02:24:00+00:00,0.0005000000000000001,BE_STOP,56.0,8,6,CHOP
ETHUSDT,2026-09-01 02:27:00+00:00,0.0005000000000000001,BE_STOP,52.0,8,0,CHOP
NEARUSDT,2026-09-01 03:46:00+00:00,-0.0264,MAE_KILL,82.0,8,0,CHOP
BTCUSDT,2026-09-01 05:12:00+00:00,0.0005000000000000001,BE_STOP,86.0,8,6,CHOP
BTCUSDT,2026-09-01 06:02:00+00:00,0.0005000000000000001,BE_STOP,511.0,8,5,CHOP
BTCUSDT,2026-09-01 06:16:00+00:00,0.0005000000000000001,BE_STOP,64.0,8,6,CHOP
BTCUSDT,2026-09-01 08:06:00+00:00,0.004600000000000001,TP,110.0,8,5,CHOP
BTCUSDT,2026-09-01 08:26:00+00:00,0.004600000000000001,TP,19.0,8,5,CHOP
BTCUSDT,2026-09-01 10:31:00+00:00,0.0005000000000000001,BE_STOP,482.0,8,5,CHOP
NEARUSDT,2026-09-01 10:44:00+00:00,0.0005000000000000001,BE_STOP,12.0,8,0,TREND
BTCUSDT,2026-09-01 12:42:00+00:00,0.0005000000000000001,BE_STOP,255.0,8,5,CHOP
ETHUSDT,2026-09-01 13:06:00+00:00,0.004600000000000001,TP,24.0,8,2,CHOP
XRPUSDT,2026-09-01 13:07:00+00:00,0.0005000000000000001,BE_STOP,1448.0,8,0,CHOP
BTCUSDT,2026-09-01 13:43:00+00:00,0.0005000000000000001,BE_STOP,36.0,7,4,CHOP
BTCUSDT,2026-09-01 13:44:00+00:00,0.0005000000000000001,BE_STOP,34.0,8,5,CHOP
BTCUSDT,2026-09-01 13:58:00+00:00,0.0005000000000000001,BE_STOP,12.0,8,4,CHOP
XRPUSDT,2026-09-01 14:01:00+00:00,0.004600000000000001,TP,17.0,7,0,CHOP
BTCUSDT,2026-09-01 14:12:00+00:00,0.0005000000000000001,BE_STOP,10.0,8,4,CHOP
XRPUSDT,2026-09-01 14:19:00+00:00,0.0005000000000000001,BE_STOP,19.0,8,1,CHOP
NEARUSDT,2026-09-01 14:23:00+00:00,0.004600000000000001,TP,4.0,8,0,TREND
NEARUSDT,2026-09-01 16:17:00+00:00,-0.0264,MAE_KILL,112.0,8,0,TREND
BTCUSDT,2026-09-01 16:40:00+00:00,0.0005000000000000001,BE_STOP,21.0,8,5,CHOP
BTCUSDT,2026-09-01 16:41:00+00:00,0.0005000000000000001,BE_STOP,2198.0,8,5,CHOP
SOLUSDT,2026-09-01 16:46:00+00:00,0.0005000000000000001,BE_STOP,5.0,7,0,CHOP
NEARUSDT,2026-09-01 17:06:00+00:00,0.004614731142100191,TP,19.0,8,0,CHOP
BTCUSDT,2026-09-01 18:19:00+00:00,0.004600000000000001,TP,72.0,8,5,CHOP
BTCUSDT,2026-09-01 18:27:00+00:00,0.004600000000000001,TP,2557.0,2,1,TREND
BTCUSDT,2026-09-01 18:27:00+00:00,0.004600000000000001,TP,102.0,8,4,CHOP
BTCUSDT,2026-09-01 18:28:00+00:00,0.004600000000000001,TP,2560.0,1,0,TREND
SOLUSDT,2026-09-01 18:28:00+00:00,0.004600000000000001,TP,9.0,8,0,CHOP
ETHUSDT,2026-09-01 18:37:00+00:00,0.004600000000000001,TP,8.0,5,2,CHOP
SOLUSDT,2026-09-01 18:40:00+00:00,0.0005000000000000001,BE_STOP,3.0,6,0,TREND
BTCUSDT,2026-09-01 18:45:00+00:00,0.004600000000000001,TP,14.0,6,2,CHOP
SOLUSDT,2026-09-01 18:49:00+00:00,0.0005000000000000001,BE_STOP,10.0,7,1,TREND
SOLUSDT,2026-09-01 18:49:00+00:00,0.0005000000000000001,BE_STOP,8.0,7,1,TREND
NEARUSDT,2026-09-01 19:04:00+00:00,0.004600000000000001,TP,13.0,7,0,CHOP
BTCUSDT,2026-09-01 19:23:00+00:00,0.004600000000000001,TP,29.0,8,4,CHOP
BTCUSDT,2026-09-01 19:29:00+00:00,0.0005000000000000001,BE_STOP,24.0,8,5,CHOP
BTCUSDT,2026-09-01 23:52:00+00:00,0.0005000000000000001,BE_STOP,263.0,8,5,CHOP
BTCUSDT,2026-09-01 23:54:00+00:00,0.0005000000000000001,BE_STOP,270.0,8,5,CHOP
NEARUSDT,2026-09-02 00:07:00+00:00,0.0005000000000000001,BE_STOP,15.0,8,0,CHOP
BTCUSDT,2026-09-02 01:14:00+00:00,0.0005000000000000001,BE_STOP,67.0,8,4,CHOP
NEARUSDT,2026-09-02 01:25:00+00:00,0.0005000000000000001,BE_STOP,11.0,8,0,CHOP
SOLUSDT,2026-09-02 01:40:00+00:00,0.004600000000000001,TP,10.0,8,0,CHOP
SOLUSDT,2026-09-02 01:50:00+00:00,0.004600000000000001,TP,10.0,8,0,CHOP
XRPUSDT,2026-09-02 03:30:00+00:00,0.0005000000000000001,BE_STOP,216.0,8,0,CHOP
ETHUSDT,2026-09-02 09:23:00+00:00,-0.0414,MAE_KILL,1641.0,8,0,CHOP
BTCUSDT,2026-09-02 09:48:00+00:00,0.0005000000000000001,BE_STOP,24.0,8,5,CHOP
SOLUSDT,2026-09-02 09:49:00+00:00,0.0005000000000000001,BE_STOP,479.0,8,0,CHOP
ETHUSDT,2026-09-02 10:32:00+00:00,-0.0414,MAE_KILL,1428.0,8,1,CHOP
ETHUSDT,2026-09-02 10:33:00+00:00,0.004600000000000001,TP,45.0,8,1,TREND
NEARUSDT,2026-09-02 10:50:00+00:00,0.004600000000000001,TP,18.0,8,1,CHOP
BTCUSDT,2026-09-02 10:54:00+00:00,0.0005000000000000001,BE_STOP,968.0,7,2,CHOP
BTCUSDT,2026-09-02 10:54:00+00:00,0.0005000000000000001,BE_STOP,19.0,8,5,TREND
BTCUSDT,2026-09-02 10:55:00+00:00,0.0005000000000000001,BE_STOP,967.0,8,3,CHOP
SOLUSDT,2026-09-02 11:28:00+00:00,0.0005000000000000001,BE_STOP,37.0,8,0,TREND
SOLUSDT,2026-09-02 11:33:00+00:00,0.0005000000000000001,BE_STOP,39.0,7,1,TREND
NEARUSDT,2026-09-02 11:39:00+00:00,0.004600000000000001,TP,108.0,8,0,CHOP
SOLUSDT,2026-09-02 12:31:00+00:00,0.0005000000000000001,BE_STOP,52.0,8,1,TREND
BTCUSDT,2026-09-02 12:46:00+00:00,0.0005000000000000001,BE_STOP,71.0,8,5,TREND
BTCUSDT,2026-09-02 12:50:00+00:00,0.0005000000000000001,BE_STOP,110.0,7,3,TREND
BTCUSDT,2026-09-02 12:50:00+00:00,0.0005000000000000001,BE_STOP,107.0,8,4,TREND
XRPUSDT,2026-09-02 13:01:00+00:00,0.0005000000000000001,BE_STOP,11.0,7,0,CHOP
BTCUSDT,2026-09-02 13:45:00+00:00,0.004600000000000001,TP,74.0,8,6,CHOP
BTCUSDT,2026-09-02 18:43:00+00:00,-0.02447668000176955,MAX_AGE,2880.0,8,5,CHOP
BTCUSDT,2026-09-02 23:09:00+00:00,0.0005000000000000001,BE_STOP,266.0,8,6,CHOP
BTCUSDT,2026-09-03 01:47:00+00:00,0.0005000000000000001,BE_STOP,157.0,8,6,CHOP
BTCUSDT,2026-09-03 02:34:00+00:00,0.004600000000000001,TP,769.0,8,6,CHOP
BTCUSDT,2026-09-03 03:05:00+00:00,0.0005000000000000001,BE_STOP,1415.0,8,4,CHOP
BTCUSDT,2026-09-03 05:23:00+00:00,0.004600000000000001,TP,138.0,8,6,CHOP
BTCUSDT,2026-09-03 05:31:00+00:00,0.0005000000000000001,BE_STOP,223.0,8,6,CHOP
BTCUSDT,2026-09-03 07:16:00+00:00,0.0005000000000000001,BE_STOP,281.0,8,6,CHOP
NEARUSDT,2026-09-03 07:40:00+00:00,0.0005000000000000001,BE_STOP,24.0,8,0,CHOP
XRPUSDT,2026-09-03 08:10:00+00:00,0.0005000000000000001,BE_STOP,29.0,8,0,CHOP
NEARUSDT,2026-09-03 12:17:00+00:00,0.0005000000000000001,BE_STOP,247.0,8,0,CHOP
SOLUSDT,2026-09-03 12:54:00+00:00,-0.0414,MAE_KILL,1526.0,8,1,TREND
BTCUSDT,2026-09-03 12:55:00+00:00,0.004600000000000001,TP,2803.0,8,4,CHOP
ETHUSDT,2026-09-03 13:35:00+00:00,0.0005000000000000001,BE_STOP,37.0,8,0,CHOP
ETHUSDT,2026-09-03 13:48:00+00:00,0.0005000000000000001,BE_STOP,13.0,8,0,CHOP
BTCUSDT,2026-09-03 13:54:00+00:00,0.0005000000000000001,BE_STOP,58.0,7,5,CHOP
BTCUSDT,2026-09-03 14:23:00+00:00,0.004600000000000001,TP,35.0,8,6,CHOP
BTCUSDT,2026-09-03 14:30:00+00:00,-0.0414,MAE_KILL,1537.0,8,5,CHOP
BTCUSDT,2026-09-03 14:30:00+00:00,-0.0414,MAE_KILL,1529.0,8,6,CHOP
BTCUSDT,2026-09-03 14:32:00+00:00,-0.0414,MAE_KILL,1546.0,8,6,CHOP
NEARUSDT,2026-09-03 14:32:00+00:00,0.004600000000000001,TP,9.0,8,0,CHOP
BTCUSDT,2026-09-03 14:48:00+00:00,-0.0414,MAE_KILL,557.0,8,6,CHOP
BTCUSDT,2026-09-03 14:48:00+00:00,0.004600000000000001,TP,15.0,5,2,TREND
ETHUSDT,2026-09-03 14:48:00+00:00,0.004600000000000001,TP,13.0,6,0,TREND
BTCUSDT,2026-09-03 14:48:00+00:00,0.004600000000000001,TP,10.0,7,3,TREND
BTCUSDT,2026-09-03 14:48:00+00:00,0.004600000000000001,TP,8.0,8,4,TREND
BTCUSDT,2026-09-03 14:49:00+00:00,-0.0414,MAE_KILL,565.0,8,6,CHOP
SOLUSDT,2026-09-03 14:59:00+00:00,-0.0414,MAE_KILL,160.0,8,1,CHOP
ETHUSDT,2026-09-03 15:00:00+00:00,0.004600000000000001,TP,8.0,4,0,TREND
ETHUSDT,2026-09-03 15:00:00+00:00,0.004600000000000001,TP,5.0,5,1,TREND
SOLUSDT,2026-09-03 15:01:00+00:00,-0.0414,MAE_KILL,67.0,8,1,CHOP
BTCUSDT,2026-09-03 15:01:00+00:00,0.004600000000000001,TP,11.0,3,0,TREND
BTCUSDT,2026-09-03 15:01:00+00:00,0.004600000000000001,TP,4.0,6,1,TREND
NEARUSDT,2026-09-03 15:04:00+00:00,0.004600000000000001,TP,4.0,4,0,TREND
BTCUSDT,2026-09-03 15:45:00+00:00,0.0005000000000000001,BE_STOP,21.0,8,5,TREND
BTCUSDT,2026-09-03 15:46:00+00:00,0.0005000000000000001,BE_STOP,40.0,2,0,TREND
BTCUSDT,2026-09-03 15:47:00+00:00,0.0005000000000000001,BE_STOP,39.0,3,1,TREND
SOLUSDT,2026-09-03 15:50:00+00:00,0.0005000000000000001,BE_STOP,29.0,7,0,TREND
SOLUSDT,2026-09-03 15:50:00+00:00,0.0005000000000000001,BE_STOP,5.0,8,1,TREND
BTCUSDT,2026-09-03 15:51:00+00:00,0.004600000000000001,TP,41.0,4,2,TREND
BTCUSDT,2026-09-03 15:51:00+00:00,0.004600000000000001,TP,37.0,5,3,TREND
ETHUSDT,2026-09-03 15:52:00+00:00,0.004600000000000001,TP,49.0,2,0,TREND
BTCUSDT,2026-09-03 15:52:00+00:00,0.004600000000000001,TP,33.0,6,4,TREND
NEARUSDT,2026-09-03 15:52:00+00:00,0.004600000000000001,TP,5.0,7,0,TREND
BTCUSDT,2026-09-03 16:33:00+00:00,0.0005000000000000001,BE_STOP,26.0,8,3,TREND
XRPUSDT,2026-09-03 18:08:00+00:00,0.0005000000000000001,BE_STOP,129.0,5,0,TREND
BTCUSDT,2026-09-03 18:26:00+00:00,0.0005000000000000001,BE_STOP,111.0,8,3,TREND
SOLUSDT,2026-09-03 19:04:00+00:00,0.004600000000000001,TP,187.0,4,0,TREND
BTCUSDT,2026-09-03 19:05:00+00:00,0.004600000000000001,TP,190.0,3,1,TREND
SOLUSDT,2026-09-03 19:05:00+00:00,0.004600000000000001,TP,57.0,8,1,TREND
BTCUSDT,2026-09-03 19:06:00+00:00,0.0005000000000000001,BE_STOP,193.0,2,0,TREND
BTCUSDT,2026-09-03 19:06:00+00:00,0.0005000000000000001,BE_STOP,185.0,6,2,TREND
NEARUSDT,2026-09-03 19:19:00+00:00,0.0005000000000000001,BE_STOP,6.0,6,0,TREND
XRPUSDT,2026-09-03 19:48:00+00:00,0.0005000000000000001,BE_STOP,37.0,5,1,TREND
BTCUSDT,2026-09-03 19:52:00+00:00,0.004600000000000001,TP,46.0,4,0,TREND
NEARUSDT,2026-09-03 20:02:00+00:00,0.0005000000000000001,BE_STOP,10.0,8,0,CHOP
ETHUSDT,2026-09-03 20:39:00+00:00,0.0005000000000000001,BE_STOP,82.0,8,1,TREND
ETHUSDT,2026-09-03 20:39:00+00:00,0.0005000000000000001,BE_STOP,37.0,8,2,CHOP
BTCUSDT,2026-09-03 21:32:00+00:00,0.004600000000000001,TP,51.0,8,2,CHOP
BTCUSDT,2026-09-03 21:34:00+00:00,0.004600000000000001,TP,132.0,8,1,TREND
BTCUSDT,2026-09-03 21:34:00+00:00,0.004600000000000001,TP,55.0,7,1,CHOP
NEARUSDT,2026-09-03 21:36:00+00:00,0.0005000000000000001,BE_STOP,3.0,8,0,CHOP
XRPUSDT,2026-09-03 22:04:00+00:00,0.0005000000000000001,BE_STOP,169.0,7,2,TREND
XRPUSDT,2026-09-03 22:05:00+00:00,0.0005000000000000001,BE_STOP,137.0,8,2,TREND
SOLUSDT,2026-09-03 22:16:00+00:00,0.0005000000000000001,BE_STOP,36.0,8,1,CHOP
SOLUSDT,2026-09-03 22:32:00+00:00,0.004600000000000001,TP,246.0,8,2,TREND
BTCUSDT,2026-09-03 22:32:00+00:00,0.004600000000000001,TP,28.0,8,2,CHOP
ETHUSDT,2026-09-03 22:32:00+00:00,0.004600000000000001,TP,24.0,8,1,CHOP
BTCUSDT,2026-09-03 23:18:00+00:00,0.0005000000000000001,BE_STOP,62.0,8,3,CHOP
NEARUSDT,2026-09-04 00:32:00+00:00,0.0005000000000000001,BE_STOP,114.0,8,0,CHOP
ETHUSDT,2026-09-04 00:36:00+00:00,0.004600000000000001,TP,78.0,8,1,CHOP
XRPUSDT,2026-09-04 01:06:00+00:00,0.0005000000000000001,BE_STOP,542.0,7,1,TREND
XRPUSDT,2026-09-04 01:34:00+00:00,0.004600000000000001,TP,28.0,8,0,CHOP
BTCUSDT,2026-09-04 01:51:00+00:00,0.0005000000000000001,BE_STOP,197.0,6,3,CHOP
BTCUSDT,2026-09-04 01:58:00+00:00,0.0005000000000000001,BE_STOP,202.0,7,4,CHOP
BTCUSDT,2026-09-04 04:38:00+00:00,0.0005000000000000001,BE_STOP,160.0,8,6,CHOP
BTCUSDT,2026-09-04 04:44:00+00:00,0.0005000000000000001,BE_STOP,173.0,8,6,CHOP
BTCUSDT,2026-09-04 06:39:00+00:00,0.0005000000000000001,BE_STOP,304.0,8,6,CHOP
BTCUSDT,2026-09-04 07:08:00+00:00,0.0005000000000000001,BE_STOP,144.0,8,5,CHOP
BTCUSDT,2026-09-04 08:06:00+00:00,0.0005000000000000001,BE_STOP,87.0,8,5,CHOP
ETHUSDT,2026-09-04 08:46:00+00:00,0.004600000000000001,TP,248.0,8,1,CHOP
BTCUSDT,2026-09-04 09:24:00+00:00,0.0005000000000000001,BE_STOP,136.0,8,5,CHOP
SOLUSDT,2026-09-04 10:32:00+00:00,0.0005000000000000001,BE_STOP,67.0,8,1,CHOP
BTCUSDT,2026-09-04 12:02:00+00:00,0.0005000000000000001,BE_STOP,195.0,8,5,CHOP
ETHUSDT,2026-09-04 12:30:00+00:00,0.004600000000000001,TP,1241.0,8,1,TREND
SOLUSDT,2026-09-04 12:30:00+00:00,0.004600000000000001,TP,264.0,8,0,CHOP
NEARUSDT,2026-09-04 12:30:00+00:00,0.004600000000000001,TP,118.0,8,0,CHOP
BTCUSDT,2026-09-04 12:30:00+00:00,0.004600000000000001,TP,28.0,8,4,CHOP
ETHUSDT,2026-09-04 12:39:00+00:00,0.0005000000000000001,BE_STOP,6.0,5,0,CHOP
SOLUSDT,2026-09-04 12:40:00+00:00,0.0005000000000000001,BE_STOP,5.0,6,0,CHOP
BTCUSDT,2026-09-04 12:45:00+00:00,0.004600000000000001,TP,6.0,7,4,CHOP
BTCUSDT,2026-09-04 12:45:00+00:00,0.004600000000000001,TP,4.0,7,5,CHOP
ETHUSDT,2026-09-04 12:49:00+00:00,0.0005000000000000001,BE_STOP,12.0,7,1,CHOP
ETHUSDT,2026-09-04 12:58:00+00:00,0.0005000000000000001,BE_STOP,7.0,7,0,CHOP
BTCUSDT,2026-09-04 13:17:00+00:00,0.0005000000000000001,BE_STOP,28.0,6,5,CHOP
BTCUSDT,2026-09-04 13:21:00+00:00,0.0005000000000000001,BE_STOP,23.0,8,7,CHOP
BTCUSDT,2026-09-04 13:35:00+00:00,0.004600000000000001,TP,42.0,8,6,CHOP
BTCUSDT,2026-09-04 13:38:00+00:00,0.0005000000000000001,BE_STOP,51.0,6,4,CHOP
SOLUSDT,2026-09-04 13:38:00+00:00,0.0005000000000000001,BE_STOP,21.0,8,0,TREND
SOLUSDT,2026-09-04 13:47:00+00:00,0.004600000000000001,TP,7.0,7,1,TREND
ETHUSDT,2026-09-04 13:53:00+00:00,0.0005000000000000001,BE_STOP,31.0,8,0,TREND
SOLUSDT,2026-09-04 13:54:00+00:00,0.0005000000000000001,BE_STOP,16.0,6,0,TREND
SOLUSDT,2026-09-04 13:54:00+00:00,0.0005000000000000001,BE_STOP,12.0,8,2,TREND
SOLUSDT,2026-09-04 14:19:00+00:00,0.004600000000000001,TP,19.0,8,0,TREND
NEARUSDT,2026-09-04 14:20:00+00:00,-0.0264,MAE_KILL,22.0,7,0,CHOP
BTCUSDT,2026-09-04 14:23:00+00:00,0.0005000000000000001,BE_STOP,28.0,6,5,TREND
SOLUSDT,2026-09-04 14:43:00+00:00,0.004600000000000001,TP,18.0,8,0,TREND
ETHUSDT,2026-09-04 14:45:00+00:00,0.0005000000000000001,BE_STOP,25.0,7,0,TREND
BTCUSDT,2026-09-04 14:47:00+00:00,0.004600000000000001,TP,25.0,8,6,TREND
BTCUSDT,2026-09-04 14:56:00+00:00,0.0005000000000000001,BE_STOP,12.0,8,6,TREND
BTCUSDT,2026-09-05 16:55:00+00:00,0.004600000000000001,TP,1627.0,8,4,TREND
ETHUSDT,2026-09-05 17:01:00+00:00,0.0005000000000000001,BE_STOP,6.0,8,0,TREND
ETHUSDT,2026-09-05 17:28:00+00:00,0.0005000000000000001,BE_STOP,27.0,8,0,TREND
BTCUSDT,2026-09-05 21:35:00+00:00,-0.026779390191178844,MAX_AGE,2880.0,7,0,TREND
BTCUSDT,2026-09-05 21:37:00+00:00,-0.025362935239409332,MAX_AGE,2880.0,7,1,TREND
BTCUSDT,2026-09-05 21:50:00+00:00,0.0005000000000000001,BE_STOP,261.0,8,6,CHOP
BTCUSDT,2026-09-06 00:32:00+00:00,-0.01817047451323531,MAX_AGE,2880.0,8,4,CHOP
BTCUSDT,2026-09-06 00:36:00+00:00,-0.018995123907763596,MAX_AGE,2880.0,8,5,CHOP
SOLUSDT,2026-09-06 01:21:00+00:00,0.0005000000000000001,BE_STOP,45.0,8,1,CHOP
SOLUSDT,2026-09-06 02:40:00+00:00,-0.0414,MAE_KILL,2148.0,8,0,TREND
NEARUSDT,2026-09-06 02:48:00+00:00,0.0005000000000000001,BE_STOP,8.0,8,0,CHOP
BTCUSDT,2026-09-06 04:05:00+00:00,0.0005000000000000001,BE_STOP,390.0,8,6,CHOP
BTCUSDT,2026-09-06 04:07:00+00:00,0.0005000000000000001,BE_STOP,390.0,8,6,CHOP
ETHUSDT,2026-09-06 04:28:00+00:00,0.0005000000000000001,BE_STOP,21.0,8,1,TREND
BTCUSDT,2026-09-06 06:54:00+00:00,0.0005000000000000001,BE_STOP,332.0,8,6,CHOP
ETHUSDT,2026-09-06 07:13:00+00:00,0.004600000000000001,TP,265.0,8,0,CHOP
BTCUSDT,2026-09-06 07:15:00+00:00,0.0005000000000000001,BE_STOP,21.0,8,6,CHOP
BTCUSDT,2026-09-06 07:17:00+00:00,0.0005000000000000001,BE_STOP,169.0,8,6,CHOP
BTCUSDT,2026-09-06 07:23:00+00:00,0.0005000000000000001,BE_STOP,198.0,8,6,CHOP
SOLUSDT,2026-09-06 07:42:00+00:00,0.0005000000000000001,BE_STOP,24.0,8,0,CHOP
ETHUSDT,2026-09-06 13:37:00+00:00,0.0005000000000000001,BE_STOP,381.0,8,0,CHOP
NEARUSDT,2026-09-06 13:39:00+00:00,0.004600000000000001,TP,2.0,8,0,CHOP
BTCUSDT,2026-09-06 14:32:00+00:00,0.004600000000000001,TP,438.0,8,7,CHOP
BTCUSDT,2026-09-06 14:32:00+00:00,0.004600000000000001,TP,52.0,8,6,CHOP
BTCUSDT,2026-09-06 14:50:00+00:00,-0.011981560859515428,MAX_AGE,2880.0,7,6,TREND
BTCUSDT,2026-09-06 14:56:00+00:00,-0.009570530850120286,MAX_AGE,2880.0,8,6,TREND
NEARUSDT,2026-09-06 15:01:00+00:00,0.0064074763664283135,TP,29.0,7,0,CHOP
BTCUSDT,2026-09-06 19:36:00+00:00,0.0005000000000000001,BE_STOP,285.0,8,5,CHOP
SOLUSDT,2026-09-06 22:18:00+00:00,0.004600000000000001,TP,162.0,8,1,CHOP
BTCUSDT,2026-09-06 23:03:00+00:00,0.004600000000000001,TP,940.0,8,5,CHOP
BTCUSDT,2026-09-06 23:38:00+00:00,0.004600000000000001,TP,1548.0,8,6,CHOP
BTCUSDT,2026-09-06 23:38:00+00:00,0.004600000000000001,TP,1385.0,8,6,CHOP
BTCUSDT,2026-09-06 23:56:00+00:00,0.0005000000000000001,BE_STOP,52.0,8,5,CHOP
NEARUSDT,2026-09-07 00:07:00+00:00,0.0005000000000000001,BE_STOP,29.0,7,0,CHOP
XRPUSDT,2026-09-07 01:29:00+00:00,0.0005000000000000001,BE_STOP,190.0,8,0,CHOP
ETHUSDT,2026-09-07 01:44:00+00:00,0.004600000000000001,TP,107.0,8,0,CHOP
ETHUSDT,2026-09-07 01:44:00+00:00,0.004600000000000001,TP,97.0,8,1,CHOP
SOLUSDT,2026-09-07 04:01:00+00:00,0.0005000000000000001,BE_STOP,1219.0,8,0,CHOP
BTCUSDT,2026-09-07 04:21:00+00:00,0.0005000000000000001,BE_STOP,157.0,7,4,CHOP
ETHUSDT,2026-09-07 05:04:00+00:00,0.0005000000000000001,BE_STOP,215.0,8,2,CHOP
BTCUSDT,2026-09-07 05:05:00+00:00,0.0005000000000000001,BE_STOP,198.0,8,5,CHOP
ETHUSDT,2026-09-07 05:25:00+00:00,0.004600000000000001,TP,64.0,8,1,CHOP
ETHUSDT,2026-09-07 05:51:00+00:00,0.0005000000000000001,BE_STOP,43.0,8,1,CHOP
BTCUSDT,2026-09-07 07:31:00+00:00,0.0005000000000000001,BE_STOP,210.0,8,6,CHOP
BTCUSDT,2026-09-07 07:33:00+00:00,0.004600000000000001,TP,101.0,8,7,CHOP
BTCUSDT,2026-09-07 07:40:00+00:00,0.004600000000000001,TP,1003.0,8,5,CHOP
BTCUSDT,2026-09-07 07:41:00+00:00,0.004600000000000001,TP,1027.0,8,5,CHOP
BTCUSDT,2026-09-07 07:41:00+00:00,0.004600000000000001,TP,999.0,8,6,CHOP
BTCUSDT,2026-09-07 07:41:00+00:00,0.004600000000000001,TP,10.0,8,7,CHOP
ETHUSDT,2026-09-07 07:43:00+00:00,0.0005000000000000001,BE_STOP,9.0,8,0,CHOP
SOLUSDT,2026-09-07 14:35:00+00:00,0.0005000000000000001,BE_STOP,404.0,8,1,TREND
SOLUSDT,2026-09-07 14:50:00+00:00,0.0005000000000000001,BE_STOP,421.0,7,0,TREND
BTCUSDT,2026-09-07 14:52:00+00:00,0.0005000000000000001,BE_STOP,430.0,5,3,TREND
BTCUSDT,2026-09-07 14:53:00+00:00,0.0005000000000000001,BE_STOP,429.0,5,4,TREND
BTCUSDT,2026-09-07 14:53:00+00:00,0.0005000000000000001,BE_STOP,426.0,6,5,TREND
BTCUSDT,2026-09-07 15:19:00+00:00,0.0005000000000000001,BE_STOP,44.0,8,6,CHOP
NEARUSDT,2026-09-07 15:28:00+00:00,0.004600000000000001,TP,9.0,8,1,CHOP
SOLUSDT,2026-09-07 15:33:00+00:00,0.004600000000000001,TP,5.0,8,1,CHOP
XRPUSDT,2026-09-07 15:40:00+00:00,0.004600000000000001,TP,7.0,8,0,CHOP
NEARUSDT,2026-09-07 15:43:00+00:00,-0.0264,MAE_KILL,47.0,7,0,CHOP
NEARUSDT,2026-09-07 15:49:00+00:00,0.0005000000000000001,BE_STOP,9.0,8,1,CHOP
SOLUSDT,2026-09-07 15:59:00+00:00,0.0005000000000000001,BE_STOP,10.0,8,1,CHOP
ETHUSDT,2026-09-07 18:31:00+00:00,0.0005000000000000001,BE_STOP,221.0,8,0,CHOP
NEARUSDT,2026-09-07 22:36:00+00:00,0.004600000000000001,TP,397.0,8,0,CHOP
NEARUSDT,2026-09-07 22:40:00+00:00,0.004600000000000001,TP,2.0,8,0,CHOP
BTCUSDT,2026-09-07 23:03:00+00:00,0.0005000000000000001,BE_STOP,272.0,8,5,CHOP
NEARUSDT,2026-09-07 23:08:00+00:00,0.004600000000000001,TP,5.0,8,0,CHOP
BTCUSDT,2026-09-08 01:34:00+00:00,0.0005000000000000001,BE_STOP,636.0,8,4,CHOP
BTCUSDT,2026-09-08 02:30:00+00:00,0.0005000000000000001,BE_STOP,201.0,8,5,CHOP
NEARUSDT,2026-09-08 02:47:00+00:00,0.004600000000000001,TP,17.0,8,1,CHOP
NEARUSDT,2026-09-08 02:59:00+00:00,-0.0264,MAE_KILL,85.0,8,0,CHOP
BTCUSDT,2026-09-08 05:00:00+00:00,0.004600000000000001,TP,133.0,8,4,CHOP
BTCUSDT,2026-09-08 05:19:00+00:00,0.0005000000000000001,BE_STOP,139.0,8,5,CHOP
ETHUSDT,2026-09-08 06:09:00+00:00,0.0005000000000000001,BE_STOP,449.0,8,0,CHOP
ETHUSDT,2026-09-08 06:22:00+00:00,0.004600000000000001,TP,82.0,8,1,CHOP
XRPUSDT,2026-09-08 06:24:00+00:00,0.0005000000000000001,BE_STOP,14.0,8,1,CHOP
BTCUSDT,2026-09-08 06:53:00+00:00,0.004600000000000001,TP,910.0,8,4,CHOP
BTCUSDT,2026-09-08 07:54:00+00:00,0.0005000000000000001,BE_STOP,90.0,8,5,TREND
BTCUSDT,2026-09-08 07:56:00+00:00,0.0005000000000000001,BE_STOP,94.0,8,4,TREND
NEARUSDT,2026-09-08 08:48:00+00:00,0.0005000000000000001,BE_STOP,52.0,8,0,CHOP
SOLUSDT,2026-09-08 09:41:00+00:00,0.004600000000000001,TP,53.0,8,1,CHOP
XRPUSDT,2026-09-08 10:20:00+00:00,0.004600000000000001,TP,301.0,8,0,CHOP
BTCUSDT,2026-09-08 10:27:00+00:00,0.0005000000000000001,BE_STOP,45.0,8,4,CHOP
ETHUSDT,2026-09-08 13:39:00+00:00,0.004600000000000001,TP,405.0,8,0,TREND
BTCUSDT,2026-09-08 13:39:00+00:00,0.004600000000000001,TP,345.0,8,4,CHOP
XRPUSDT,2026-09-08 16:01:00+00:00,-0.0414,MAE_KILL,140.0,7,0,CHOP
SOLUSDT,2026-09-08 16:40:00+00:00,0.004600000000000001,TP,39.0,8,1,CHOP
BTCUSDT,2026-09-08 23:40:00+00:00,-0.02501888066177688,MAX_AGE,2880.0,8,4,CHOP
NEARUSDT,2026-09-09 00:03:00+00:00,0.004600000000000001,TP,23.0,8,0,CHOP
ETHUSDT,2026-09-09 01:17:00+00:00,0.0005000000000000001,BE_STOP,73.0,8,1,CHOP
ETHUSDT,2026-09-09 05:01:00+00:00,0.0005000000000000001,BE_STOP,741.0,8,0,CHOP
BTCUSDT,2026-09-09 05:06:00+00:00,-0.00892220273183316,MAX_AGE,2880.0,7,5,CHOP
BTCUSDT,2026-09-09 05:14:00+00:00,0.004600000000000001,TP,1127.0,8,5,CHOP
BTCUSDT,2026-09-09 05:26:00+00:00,-0.010257318249583444,MAX_AGE,2880.0,8,6,CHOP
SOLUSDT,2026-09-09 05:27:00+00:00,0.0005000000000000001,BE_STOP,26.0,8,1,CHOP
BTCUSDT,2026-09-09 05:31:00+00:00,0.0005000000000000001,BE_STOP,1150.0,8,5,CHOP
XRPUSDT,2026-09-09 05:46:00+00:00,0.004600000000000001,TP,20.0,8,1,CHOP
ETHUSDT,2026-09-09 06:15:00+00:00,0.0005000000000000001,BE_STOP,69.0,8,0,CHOP
NEARUSDT,2026-09-09 06:19:00+00:00,0.004600000000000001,TP,51.0,8,0,CHOP
XRPUSDT,2026-09-09 06:33:00+00:00,0.0005000000000000001,BE_STOP,78.0,8,0,CHOP
SOLUSDT,2026-09-09 07:14:00+00:00,0.0005000000000000001,BE_STOP,2420.0,6,0,CHOP
BTCUSDT,2026-09-09 07:33:00+00:00,0.0005000000000000001,BE_STOP,78.0,8,4,CHOP
BTCUSDT,2026-09-09 08:28:00+00:00,0.004600000000000001,TP,128.0,8,5,CHOP
BTCUSDT,2026-09-09 08:36:00+00:00,0.004600000000000001,TP,82.0,8,6,CHOP
ETHUSDT,2026-09-09 08:44:00+00:00,0.0005000000000000001,BE_STOP,71.0,8,1,CHOP
XRPUSDT,2026-09-09 08:59:00+00:00,0.0005000000000000001,BE_STOP,31.0,8,0,TREND
SOLUSDT,2026-09-09 09:35:00+00:00,0.004600000000000001,TP,51.0,8,0,TREND
ETHUSDT,2026-09-09 10:52:00+00:00,0.004600000000000001,TP,259.0,8,0,CHOP
BTCUSDT,2026-09-09 10:53:00+00:00,0.004600000000000001,TP,77.0,8,6,CHOP
NEARUSDT,2026-09-09 11:02:00+00:00,0.0005000000000000001,BE_STOP,10.0,8,0,TREND
SOLUSDT,2026-09-09 11:09:00+00:00,0.0005000000000000001,BE_STOP,15.0,8,0,CHOP
BTCUSDT,2026-09-09 11:11:00+00:00,0.0005000000000000001,BE_STOP,339.0,8,2,TREND
NEARUSDT,2026-09-09 11:16:00+00:00,0.004600000000000001,TP,5.0,8,0,TREND
BTCUSDT,2026-09-09 15:02:00+00:00,0.0005000000000000001,BE_STOP,554.0,8,3,CHOP
BTCUSDT,2026-09-09 15:02:00+00:00,0.0005000000000000001,BE_STOP,233.0,8,6,CHOP
BTCUSDT,2026-09-09 15:08:00+00:00,0.0005000000000000001,BE_STOP,828.0,8,5,CHOP
XRPUSDT,2026-09-09 15:08:00+00:00,0.0005000000000000001,BE_STOP,232.0,8,0,CHOP
BTCUSDT,2026-09-09 15:11:00+00:00,0.004600000000000001,TP,8.0,7,4,CHOP
NEARUSDT,2026-09-09 15:11:00+00:00,0.00718138911236263,TP,6.0,8,0,TREND
BTCUSDT,2026-09-09 15:16:00+00:00,0.0005000000000000001,BE_STOP,8.0,7,4,CHOP
SOLUSDT,2026-09-09 15:22:00+00:00,0.004600000000000001,TP,8.0,7,0,CHOP
BTCUSDT,2026-09-09 15:22:00+00:00,0.004600000000000001,TP,6.0,7,4,CHOP
BTCUSDT,2026-09-09 15:24:00+00:00,0.004600000000000001,TP,5.0,8,5,CHOP
BTCUSDT,2026-09-09 15:28:00+00:00,0.0005000000000000001,BE_STOP,16.0,6,4,CHOP
ETHUSDT,2026-09-09 15:31:00+00:00,0.0005000000000000001,BE_STOP,268.0,8,0,CHOP
XRPUSDT,2026-09-09 19:50:00+00:00,0.004600000000000001,TP,258.0,8,0,CHOP
BTCUSDT,2026-09-09 20:01:00+00:00,0.0005000000000000001,BE_STOP,272.0,8,5,CHOP
ETHUSDT,2026-09-09 20:29:00+00:00,0.004600000000000001,TP,306.0,7,1,CHOP
BTCUSDT,2026-09-09 20:30:00+00:00,0.0005000000000000001,BE_STOP,305.0,7,4,CHOP
BTCUSDT,2026-09-09 20:31:00+00:00,0.0005000000000000001,BE_STOP,304.0,8,5,CHOP
BTCUSDT,2026-09-09 20:31:00+00:00,0.0005000000000000001,BE_STOP,40.0,8,6,CHOP
BTCUSDT,2026-09-09 20:31:00+00:00,0.0005000000000000001,BE_STOP,30.0,8,6,CHOP
BTCUSDT,2026-09-09 23:04:00+00:00,0.0005000000000000001,BE_STOP,154.0,7,6,CHOP
BTCUSDT,2026-09-10 00:17:00+00:00,0.0005000000000000001,BE_STOP,70.0,8,5,TREND
XRPUSDT,2026-09-10 01:04:00+00:00,0.0005000000000000001,BE_STOP,47.0,8,0,CHOP
ETHUSDT,2026-09-10 01:12:00+00:00,0.0005000000000000001,BE_STOP,271.0,8,1,CHOP
ETHUSDT,2026-09-10 01:13:00+00:00,0.0005000000000000001,BE_STOP,279.0,5,0,CHOP
BTCUSDT,2026-09-10 01:42:00+00:00,0.0005000000000000001,BE_STOP,23.0,8,6,CHOP
NEARUSDT,2026-09-10 01:46:00+00:00,0.0005000000000000001,BE_STOP,4.0,8,0,CHOP
BTCUSDT,2026-09-10 03:07:00+00:00,0.0005000000000000001,BE_STOP,391.0,6,4,CHOP
BTCUSDT,2026-09-10 03:07:00+00:00,0.0005000000000000001,BE_STOP,388.0,7,5,CHOP
NEARUSDT,2026-09-10 03:25:00+00:00,0.0005000000000000001,BE_STOP,18.0,7,0,CHOP
ETHUSDT,2026-09-10 06:04:00+00:00,0.0005000000000000001,BE_STOP,175.0,8,1,CHOP
BTCUSDT,2026-09-10 06:47:00+00:00,0.0005000000000000001,BE_STOP,41.0,8,4,CHOP
ETHUSDT,2026-09-10 07:46:00+00:00,0.0005000000000000001,BE_STOP,261.0,8,2,TREND
NEARUSDT,2026-09-10 09:40:00+00:00,0.004969230404420052,TP,114.0,8,0,CHOP
NEARUSDT,2026-09-10 09:42:00+00:00,0.004600000000000001,TP,2.0,8,0,CHOP
BTCUSDT,2026-09-10 11:13:00+00:00,0.0005000000000000001,BE_STOP,90.0,8,5,CHOP
ETHUSDT,2026-09-10 12:30:00+00:00,0.004600000000000001,TP,644.0,8,0,CHOP
ETHUSDT,2026-09-10 12:30:00+00:00,0.004600000000000001,TP,77.0,8,1,CHOP
NEARUSDT,2026-09-10 12:33:00+00:00,0.0005000000000000001,BE_STOP,2.0,7,0,CHOP
BTCUSDT,2026-09-10 12:38:00+00:00,0.004600000000000001,TP,2815.0,8,5,CHOP
BTCUSDT,2026-09-10 12:46:00+00:00,0.004600000000000001,TP,11.0,7,5,CHOP
BTCUSDT,2026-09-10 12:47:00+00:00,0.004600000000000001,TP,8.0,8,5,CHOP
NEARUSDT,2026-09-10 12:53:00+00:00,0.0005000000000000001,BE_STOP,16.0,8,0,CHOP
SOLUSDT,2026-09-10 12:57:00+00:00,0.0005000000000000001,BE_STOP,2.0,8,0,CHOP
BTCUSDT,2026-09-10 12:58:00+00:00,0.0005000000000000001,BE_STOP,11.0,7,4,TREND
BTCUSDT,2026-09-10 13:01:00+00:00,0.0005000000000000001,BE_STOP,12.0,8,5,TREND
BTCUSDT,2026-09-10 13:22:00+00:00,0.0005000000000000001,BE_STOP,21.0,8,6,TREND
SOLUSDT,2026-09-10 13:51:00+00:00,0.0005000000000000001,BE_STOP,27.0,8,0,TREND
ETHUSDT,2026-09-10 14:02:00+00:00,0.004600000000000001,TP,11.0,8,0,CHOP
BTCUSDT,2026-09-10 17:38:00+00:00,0.0005000000000000001,BE_STOP,216.0,8,6,CHOP
XRPUSDT,2026-09-10 23:08:00+00:00,-0.0414,MAE_KILL,1324.0,8,0,CHOP
BTCUSDT,2026-09-10 23:14:00+00:00,-0.0414,MAE_KILL,2318.0,8,4,TREND
BTCUSDT,2026-09-10 23:14:00+00:00,-0.0414,MAE_KILL,2295.0,8,5,TREND
BTCUSDT,2026-09-10 23:17:00+00:00,0.0005000000000000001,BE_STOP,8.0,8,7,CHOP
BTCUSDT,2026-09-10 23:37:00+00:00,0.0005000000000000001,BE_STOP,640.0,8,6,TREND
BTCUSDT,2026-09-10 23:37:00+00:00,0.0005000000000000001,BE_STOP,638.0,8,6,TREND
BTCUSDT,2026-09-11 01:15:00+00:00,0.0005000000000000001,BE_STOP,98.0,7,6,CHOP
BTCUSDT,2026-09-11 01:22:00+00:00,0.0005000000000000001,BE_STOP,103.0,8,7,CHOP
NEARUSDT,2026-09-11 01:25:00+00:00,0.0005000000000000001,BE_STOP,3.0,8,0,CHOP
ETHUSDT,2026-09-11 01:36:00+00:00,0.0005000000000000001,BE_STOP,11.0,8,0,CHOP
SOLUSDT,2026-09-11 04:27:00+00:00,0.004600000000000001,TP,192.0,8,0,CHOP
BTCUSDT,2026-09-11 06:24:00+00:00,0.0005000000000000001,BE_STOP,116.0,8,6,CHOP
SOLUSDT,2026-09-11 11:18:00+00:00,0.0005000000000000001,BE_STOP,579.0,8,1,CHOP
ETHUSDT,2026-09-11 12:09:00+00:00,0.004600000000000001,TP,345.0,8,0,CHOP
BTCUSDT,2026-09-11 12:12:00+00:00,-0.018651925358287115,EOD,0.0,8,5,CHOP
BTCUSDT,2026-09-11 12:12:00+00:00,-0.019390531970549504,EOD,0.0,8,4,CHOP
BTCUSDT,2026-09-11 12:12:00+00:00,-0.00659898191990048,EOD,0.0,8,6,CHOP
BTCUSDT,2026-09-11 12:12:00+00:00,-0.00579558718545388,EOD,0.0,7,6,CHOP
BTCUSDT,2026-09-11 12:12:00+00:00,-0.005380222819422415,EOD,0.0,7,6,CHOP
BTCUSDT,2026-09-11 12:12:00+00:00,-0.00582442648861069,EOD,0.0,8,7,CHOP
ETHUSDT,2026-09-11 12:12:00+00:00,9.880462185722928e-05,EOD,0.0,8,1,CHOP
SOLUSDT,2026-09-11 12:13:00+00:00,-0.0014907075186454378,EOD,0.0,8,0,CHOP
