pair,net_frac,exit_type,mfe_frac,tp_mult
NEARUSDT,0.0009,BE_RAISED,0.0032661948829613933,1.6
SOLUSDT,0.0046500000000000005,TP,0.006226747601331556,1.6
BTCUSDT,0.0009,BE_RAISED,0.003288128077740943,1.6
BTCUSDT,0.0009,BE_RAISED,0.0035168341312421135,1.6
BTCUSDT,0.0009,BE_RAISED,0.003695680673213227,1.6
ETHUSDT,0.0009,BE_RAISED,0.003653997378768035,1.6
NEARUSDT,0.0046500000000000005,TP,0.007027747485762786,1.6
NEARUSDT,0.0046500000000000005,TP,0.006793643091107666,1.6
BTCUSDT,0.0046500000000000005,TP,0.0064114979008396645,1.6
BTCUSDT,0.0046500000000000005,TP,0.006119447999537425,1.6
BTCUSDT,0.0024000000000000002,BE_RAISED_BANKED,0.005090424275048829,1.6
BTCUSDT,0.0046500000000000005,TP,0.00676027610456693,1.6
NEARUSDT,0.0046500000000000005,TP,0.0073398984647379106,1.6
SOLUSDT,0.0009,BE_RAISED,0.003072540978202156,1.6
NEARUSDT,-0.0256,MAE_KILL,0.0027203482045702883,1.6
ETHUSDT,0.0009,BE_RAISED,0.0032656388108204563,1.6
BTCUSDT,0.0024000000000000002,BE_RAISED_BANKED,0.0053610412144777745,1.6
BTCUSDT,0.0024000000000000002,BE_RAISED_BANKED,0.005225018469905866,1.6
BTCUSDT,0.0024000000000000002,BE_RAISED_BANKED,0.005422004853087243,1.6
BTCUSDT,0.0024000000000000002,BE_RAISED_BANKED,0.005756390315941642,1.6
BTCUSDT,0.0024000000000000002,BE_RAISED_BANKED,0.005840732432245664,1.6
SOLUSDT,0.0046500000000000005,TP,0.00685184209139298,1.6
NEARUSDT,0.0046500000000000005,TP,0.0075090785991259856,1.6
BTCUSDT,0.0009,BE_RAISED,0.0032459811099963703,1.6
SOLUSDT,0.0046500000000000005,TP,0.006217083118837414,1.6
NEARUSDT,0.0024000000000000002,BE_RAISED_BANKED,0.00472412331173159,1.6
SOLUSDT,0.0024000000000000002,BE_RAISED_BANKED,0.004555748670142777,1.6
ETHUSDT,0.0046500000000000005,TP,0.006059610021948228,1.6
BTCUSDT,0.0046500000000000005,TP,0.007378353994089106,1.6
BTCUSDT,0.0046500000000000005,TP,0.006641324425787386,1.6
NEARUSDT,0.0009,BE_RAISED,0.003481810541481587,1.6
NEARUSDT,0.0046500000000000005,TP,0.006370958047842255,1.6
BTCUSDT,0.0009,BE_RAISED,0.004073351786612984,1.6
ETHUSDT,0.0024000000000000002,BE_RAISED_BANKED,0.0053266273005565185,1.6
BTCUSDT,0.0009,BE_RAISED,0.004426046757696354,1.6
NEARUSDT,0.0046500000000000005,TP,0.007032860434097281,1.6
SOLUSDT,0.0046500000000000005,TP,0.007233986584243024,1.6
BTCUSDT,0.0046500000000000005,TP,0.006829811006175849,1.6
BTCUSDT,0.0046500000000000005,TP,0.006023127294750014,1.6
BTCUSDT,0.0046500000000000005,TP,0.006848591909963012,1.6
BTCUSDT,0.0046500000000000005,TP,0.006974609393483494,1.6
BTCUSDT,0.0009,BE_RAISED,0.0030629885450884097,1.6
NEARUSDT,0.0046500000000000005,TP,0.008933002481389696,1.6
BTCUSDT,0.0024000000000000002,BE_RAISED_BANKED,0.004678039415578515,1.6
BTCUSDT,0.0024000000000000002,BE_RAISED_BANKED,0.004801303210871545,1.6
BTCUSDT,0.0024000000000000002,BE_RAISED_BANKED,0.005167753598461078,1.6
BTCUSDT,-0.02074785408396109,MAX_AGE,0.0009065049545184583,1.6
BTCUSDT,-0.021188193913585864,MAX_AGE,0.00020322438942795462,1.6
ETHUSDT,0.0046500000000000005,TP,0.006120969117897979,1.6
NEARUSDT,0.0009,BE_RAISED,0.003307951566595843,1.6
BTCUSDT,0.0024000000000000002,BE_RAISED_BANKED,0.004732828794924572,1.6
BTCUSDT,0.0024000000000000002,BE_RAISED_BANKED,0.005037907511712483,1.6
SOLUSDT,0.0024000000000000002,BE_RAISED_BANKED,0.0045179722277588095,1.6
ETHUSDT,-0.007636945280502725,MAX_AGE,0.0011701886533868526,1.6
BTCUSDT,-0.012630863617867047,MAX_AGE,0.0012567690236955412,1.6
SOLUSDT,0.0009,BE_RAISED,0.003562536419981873,1.6
ETHUSDT,-0.010925591374778738,MAX_AGE,0.00064367322855766,1.6
ETHUSDT,-0.007118842022446565,MAX_AGE,0.0026920997843108774,1.6
BTCUSDT,-0.006963071834387819,MAX_AGE,0.0019587278326125327,1.6
ETHUSDT,0.0009,BE_RAISED,0.004135082913986009,1.6
BTCUSDT,-0.0007757026920501425,MAX_AGE,0.002903051686666721,1.6
BTCUSDT,0.0024000000000000002,BE_RAISED_BANKED,0.005033232340857583,1.6
BTCUSDT,0.0024000000000000002,BE_RAISED_BANKED,0.005030043844343157,1.6
ETHUSDT,-0.005001295877914654,MAX_AGE,0.0021899910482118417,1.6
ETHUSDT,0.0024000000000000002,BE_RAISED_BANKED,0.00588107050371963,1.6
NEARUSDT,-0.0256,MAE_KILL,0.00280060882800605,1.6
NEARUSDT,0.0046500000000000005,TP,0.008261382694577359,1.6
NEARUSDT,0.0009,BE_RAISED,0.003987042113132296,1.6
BTCUSDT,0.0046500000000000005,TP,0.007774706015467054,1.6
BTCUSDT,0.0046500000000000005,TP,0.007330147964498652,1.6
BTCUSDT,0.0046500000000000005,TP,0.006435112483737888,1.6
BTCUSDT,0.0046500000000000005,TP,0.006652334337230009,1.6
BTCUSDT,0.0046500000000000005,TP,0.006321741624761991,1.6
ETHUSDT,0.0046500000000000005,TP,0.007105616998208923,1.6
BTCUSDT,0.0024000000000000002,BE_RAISED_BANKED,0.005304972459831875,1.6
SOLUSDT,0.0009,BE_RAISED,0.004310923692621712,1.6
SOLUSDT,0.0009,BE_RAISED,0.00408355161528629,1.6
BTCUSDT,0.0046500000000000005,TP,0.0062583342714757325,1.6
BTCUSDT,0.0009,BE_RAISED,0.0030842841486246617,1.6
BTCUSDT,0.0009,BE_RAISED,0.0037530222081632735,1.6
BTCUSDT,0.0009,BE_RAISED,0.003692840848574495,1.6
BTCUSDT,0.0009,BE_RAISED,0.003927190429797789,1.6
XRPUSDT,0.0009,BE_RAISED,0.0037197144867799703,1.6
SOLUSDT,0.0009,BE_RAISED,0.003020661323452529,1.6
ETHUSDT,0.0046500000000000005,TP,0.00832278970942302,1.6
ETHUSDT,0.0046500000000000005,TP,0.0074085136569469355,1.6
BTCUSDT,0.0024000000000000002,BE_RAISED_BANKED,0.004689717425057466,1.6
BTCUSDT,0.0024000000000000002,BE_RAISED_BANKED,0.004688120778704808,1.6
BTCUSDT,0.0046500000000000005,TP,0.0069756528240656045,1.6
BTCUSDT,0.0046500000000000005,TP,0.0060164234242380005,1.6
BTCUSDT,0.0046500000000000005,TP,0.006536973617453115,1.6
ETHUSDT,0.0046500000000000005,TP,0.0068839183432139895,1.6
BTCUSDT,0.0009,BE_RAISED,0.0030156510871177343,1.6
ETHUSDT,0.0024000000000000002,BE_RAISED_BANKED,0.005195296889131881,1.6
BTCUSDT,0.0009,BE_RAISED,0.004462053617197032,1.6
BTCUSDT,0.0009,BE_RAISED,0.0030918038831921706,1.6
NEARUSDT,0.0009,BE_RAISED,0.0033467202141901306,1.6
NEARUSDT,0.0024000000000000002,BE_RAISED_BANKED,0.005120390124961879,1.6
ETHUSDT,0.0024000000000000002,BE_RAISED_BANKED,0.005097808624799204,1.6
SOLUSDT,0.0024000000000000002,BE_RAISED_BANKED,0.005445773577423913,1.6
SOLUSDT,0.0046500000000000005,TP,0.006231560006879903,1.6
SOLUSDT,0.0024000000000000002,BE_RAISED_BANKED,0.005410398522037432,1.6
BTCUSDT,0.0024000000000000002,BE_RAISED_BANKED,0.005433195890130788,1.6
NEARUSDT,-0.0256,MAE_KILL,0.0023077857403133884,1.6
SOLUSDT,0.0046500000000000005,TP,0.0061341600158301346,1.6
ETHUSDT,0.0046500000000000005,TP,0.006004572914918634,1.6
ETHUSDT,0.0046500000000000005,TP,0.006480728360402034,1.6
NEARUSDT,0.0009,BE_RAISED,0.004174083849978465,1.6
BTCUSDT,-0.027703875914720035,MAX_AGE,0.002767033005500675,1.6
BTCUSDT,-0.027617050923664597,MAX_AGE,0.002859056622685737,1.6
BTCUSDT,-0.03052304000739778,MAX_AGE,0.0006074530180529702,1.6
ETHUSDT,0.0009,BE_RAISED,0.003880976416007116,1.6
ETHUSDT,0.0009,BE_RAISED,0.003980750117696239,1.6
ETHUSDT,-0.012366761810450298,MAX_AGE,0.001779312316971727,1.6
BTCUSDT,-0.02112914786824297,MAX_AGE,0.00022367744760234506,1.6
ETHUSDT,0.0009,BE_RAISED,0.004056371011583653,1.6
BTCUSDT,0.0046500000000000005,TP,0.006165962648346717,1.6
BTCUSDT,0.0009,BE_RAISED,0.0032630990117471564,1.6
NEARUSDT,0.0046500000000000005,TP,0.006617968408566002,1.6
NEARUSDT,0.0046500000000000005,TP,0.008259330559522987,1.6
ETHUSDT,0.0046500000000000005,TP,0.008224811514736134,1.6
SOLUSDT,0.0046500000000000005,TP,0.0074083684722672455,1.6
BTCUSDT,0.0009,BE_RAISED,0.0034967320261437454,1.6
BTCUSDT,0.0046500000000000005,TP,0.006649043694604238,1.6
ETHUSDT,0.0046500000000000005,TP,0.006252891247511563,1.6
ETHUSDT,0.0046500000000000005,TP,0.0067604813462718545,1.6
ETHUSDT,0.0046500000000000005,TP,0.006199666651089525,1.6
BTCUSDT,0.0024000000000000002,BE_RAISED_BANKED,0.004633183209565975,1.6
BTCUSDT,0.0009,BE_RAISED,0.004291091632140199,1.6
BTCUSDT,0.0009,BE_RAISED,0.00408223626443032,1.6
SOLUSDT,-0.040600000000000004,MAE_KILL,0.0012388665023540168,1.6
NEARUSDT,0.0046500000000000005,TP,0.006116582053948259,1.6
BTCUSDT,-0.040600000000000004,MAE_KILL,0.001737329503098832,1.6
BTCUSDT,-0.040600000000000004,MAE_KILL,0.0015333427964866156,1.6
BTCUSDT,-0.040600000000000004,MAE_KILL,0.0014835013126880475,1.6
ETHUSDT,0.0011532493364931683,BE_RAISED,0.0035505430242271712,1.6
BTCUSDT,0.0046500000000000005,TP,0.006821605012652039,1.6
BTCUSDT,-0.040600000000000004,MAE_KILL,0.00043043100594984766,1.6
BTCUSDT,-0.040600000000000004,MAE_KILL,0.0013247116554577882,1.6
BTCUSDT,-0.040600000000000004,MAE_KILL,0.0007714620749243968,1.6
BTCUSDT,-0.040600000000000004,MAE_KILL,0.0001958552706658827,1.6
XRPUSDT,0.0046500000000000005,TP,0.006157746989042757,1.6
NEARUSDT,0.0046500000000000005,TP,0.006667816290165002,1.6
NEARUSDT,0.0046500000000000005,TP,0.007710455147016559,1.6
BTCUSDT,0.0009,BE_RAISED,0.0033148106603160363,1.6
XRPUSDT,0.0046500000000000005,TP,0.006147170493581555,1.6
ETHUSDT,0.0046500000000000005,TP,0.007464141978263632,1.6
ETHUSDT,0.0046500000000000005,TP,0.006304455620882729,1.6
ETHUSDT,0.0024000000000000002,BE_RAISED_BANKED,0.004534405798382561,1.6
XRPUSDT,0.0009,BE_RAISED,0.003787878787878771,1.6
ETHUSDT,0.0009,BE_RAISED,0.004019683195957306,1.6
ETHUSDT,0.0009,BE_RAISED,0.003252312363199839,1.6
BTCUSDT,0.0009,BE_RAISED,0.0038800507557250835,1.6
BTCUSDT,0.0024000000000000002,BE_RAISED_BANKED,0.004933676328988444,1.6
BTCUSDT,0.0024000000000000002,BE_RAISED_BANKED,0.0045144974314809995,1.6
BTCUSDT,0.0009,BE_RAISED,0.004265398072661413,1.6
BTCUSDT,0.0009,BE_RAISED,0.0036837704338630187,1.6
BTCUSDT,0.0009,BE_RAISED,0.0035323811179216865,1.6
NEARUSDT,0.0009,BE_RAISED,0.0032580737353529797,1.6
NEARUSDT,0.0009,BE_RAISED,0.0031435756744399063,1.6
BTCUSDT,0.0024000000000000002,BE_RAISED_BANKED,0.005045440616444325,1.6
ETHUSDT,0.0009,BE_RAISED,0.004407021145736818,1.6
BTCUSDT,0.0046500000000000005,TP,0.00620114942528744,1.6
BTCUSDT,0.0046500000000000005,TP,0.0070145915586142995,1.6
SOLUSDT,0.0046500000000000005,TP,0.006591091967624393,1.6
NEARUSDT,0.0024000000000000002,BE_RAISED_BANKED,0.0057497967243582415,1.6
BTCUSDT,0.0046500000000000005,TP,0.006025701164602076,1.6
BTCUSDT,0.0046500000000000005,TP,0.0063301521884280695,1.6
BTCUSDT,0.0024000000000000002,BE_RAISED_BANKED,0.004811681246213917,1.6
BTCUSDT,0.0024000000000000002,BE_RAISED_BANKED,0.004971810138013357,1.6
SOLUSDT,0.0046500000000000005,TP,0.006406209815061628,1.6
XRPUSDT,0.0009,BE_RAISED,0.00306278713629389,1.6
SOLUSDT,0.0046500000000000005,TP,0.006970303481660649,1.6
BTCUSDT,0.0046500000000000005,TP,0.010792033548398387,1.6
ETHUSDT,0.0024000000000000002,BE_RAISED_BANKED,0.005623105691345138,1.6
BTCUSDT,0.0046500000000000005,TP,0.008447021324776522,1.6
ETHUSDT,0.0046500000000000005,TP,0.006118896566349122,1.6
NEARUSDT,0.0046500000000000005,TP,0.00673900628212452,1.6
NEARUSDT,0.0046500000000000005,TP,0.006566550562439241,1.6
ETHUSDT,0.0024000000000000002,BE_RAISED_BANKED,0.005909926389756152,1.6
SOLUSDT,-0.040600000000000004,MAE_KILL,0.0026374253026505935,1.6
BTCUSDT,0.0046500000000000005,TP,0.007632405334234577,1.6
BTCUSDT,0.0009,BE_RAISED,0.0039059102145724426,1.6
BTCUSDT,0.0009,BE_RAISED,0.0041706201109072485,1.6
SOLUSDT,0.0046500000000000005,TP,0.0061120348603864606,1.6
XRPUSDT,0.0046500000000000005,TP,0.006900165953358388,1.6
BTCUSDT,0.0009,BE_RAISED,0.0032697997930293747,1.6
BTCUSDT,0.0009999573868016984,BE_RAISED,0.0042781408310136005,1.6
BTCUSDT,0.005146858546858564,TP,0.00719129519129515,1.6
BTCUSDT,0.0046500000000000005,TP,0.006878876473568626,1.6
BTCUSDT,0.0046500000000000005,TP,0.006025396950010836,1.6
BTCUSDT,0.0046500000000000005,TP,0.006318345467301261,1.6
ETHUSDT,0.0046500000000000005,TP,0.00904830157487928,1.6
BTCUSDT,0.0046500000000000005,TP,0.006688668312591446,1.6
BTCUSDT,0.0009,BE_RAISED,0.0032241869805321177,1.6
BTCUSDT,0.0046500000000000005,TP,0.00611542195433692,1.6
ETHUSDT,0.0024000000000000002,BE_RAISED_BANKED,0.004617483471508004,1.6
XRPUSDT,0.0046500000000000005,TP,0.007796933206272302,1.6
BTCUSDT,0.0024000000000000002,BE_RAISED_BANKED,0.005619192907478597,1.6
SOLUSDT,0.0009,BE_RAISED,0.004288556986345235,1.6
BTCUSDT,-0.040600000000000004,MAE_KILL,0.0025256695034380724,1.6
BTCUSDT,0.0046500000000000005,TP,0.008357747792260211,1.6
SOLUSDT,0.0009,BE_RAISED,0.003931355121017353,1.6
BTCUSDT,0.0009,BE_RAISED,0.0031512517123336663,1.6
ETHUSDT,0.0024000000000000002,BE_RAISED_BANKED,0.0048681345694620674,1.6
ETHUSDT,0.0024000000000000002,BE_RAISED_BANKED,0.0054924084562034976,1.6
NEARUSDT,-0.0256,MAE_KILL,0.0010763652843869197,1.6
NEARUSDT,-0.0256,MAE_KILL,0.001814161800555513,1.6
NEARUSDT,0.0024000000000000002,BE_RAISED_BANKED,0.004924681344148292,1.6
BTCUSDT,0.0009,BE_RAISED,0.0038504218456373567,1.6
BTCUSDT,0.0024000000000000002,BE_RAISED_BANKED,0.0045359687274491,1.6
BTCUSDT,0.0009,BE_RAISED,0.004039249574889233,1.6
BTCUSDT,0.0009,BE_RAISED,0.003719866709423796,1.6
XRPUSDT,0.0009,BE_RAISED,0.004360952700436174,1.6
XRPUSDT,0.0024000000000000002,BE_RAISED_BANKED,0.005203961725700842,1.6
XRPUSDT,0.0046500000000000005,TP,0.0068688222482827825,1.6
XRPUSDT,0.0046500000000000005,TP,0.007881938621499121,1.6
BTCUSDT,0.0009,BE_RAISED,0.00349346679953903,1.6
XRPUSDT,0.0024000000000000002,BE_RAISED_BANKED,0.004658514266699983,1.6
ETHUSDT,0.0046500000000000005,TP,0.006638561806464189,1.6
BTCUSDT,0.0046500000000000005,TP,0.006830996046094989,1.6
BTCUSDT,0.0046500000000000005,TP,0.006090240730049911,1.6
ETHUSDT,0.0046500000000000005,TP,0.00603649813322174,1.6
BTCUSDT,0.0046500000000000005,TP,0.008395489977805544,1.6
BTCUSDT,0.0024000000000000002,BE_RAISED_BANKED,0.0053733047348262794,1.6
ETHUSDT,0.0024000000000000002,BE_RAISED_BANKED,0.005023899469723596,1.6
ETHUSDT,0.0046500000000000005,TP,0.008458273535069916,1.6
BTCUSDT,0.0009,BE_RAISED,0.004158532419890976,1.6
BTCUSDT,0.0046500000000000005,TP,0.006630440201405893,1.6
BTCUSDT,0.0046500000000000005,TP,0.006729422909398537,1.6
BTCUSDT,0.0046500000000000005,TP,0.007520804284797339,1.6
XRPUSDT,0.005644510101413385,TP,0.008224866246107144,1.6
SOLUSDT,0.0024000000000000002,BE_RAISED_BANKED,0.00504493323220475,1.6
ETHUSDT,-0.040600000000000004,MAE_KILL,0.00011066794746371197,1.6
BTCUSDT,0.0009,BE_RAISED,0.003373151426067314,1.6
XRPUSDT,-0.040600000000000004,MAE_KILL,0.0007159904534605417,1.6
BTCUSDT,0.0009,BE_RAISED,0.0035757854473657553,1.6
SOLUSDT,0.0009,BE_RAISED,0.0031742406942224916,1.6
BTCUSDT,0.0009,BE_RAISED,0.004065186246418418,1.6
BTCUSDT,0.0024000000000000002,BE_RAISED_BANKED,0.004926251003036034,1.6
BTCUSDT,0.0009,BE_RAISED,0.0034672298622051307,1.6
BTCUSDT,0.0009,BE_RAISED,0.003581837346330549,1.6
SOLUSDT,0.0046500000000000005,TP,0.006392912999303493,1.6
ETHUSDT,0.0046500000000000005,TP,0.007994248249653285,1.6
BTCUSDT,0.0009,BE_RAISED,0.0033973165883004913,1.6
BTCUSDT,0.0009,BE_RAISED,0.003477248974887308,1.6
BTCUSDT,0.0009,BE_RAISED,0.003447020671093561,1.6
BTCUSDT,0.0009,BE_RAISED,0.00373960856098819,1.6
BTCUSDT,0.0009,BE_RAISED,0.0038343537143063515,1.6
XRPUSDT,0.0011017028636432105,BE_RAISED,0.0037377102462012985,1.6
XRPUSDT,0.0027662744002514136,BE_RAISED_BANKED,0.006273934653304033,1.6
ETHUSDT,0.0009,BE_RAISED,0.003197761996987233,1.6
BTCUSDT,0.0046500000000000005,TP,0.006102745890550769,1.6
BTCUSDT,0.0046500000000000005,TP,0.00804198553849839,1.6
BTCUSDT,0.0009,BE_RAISED,0.003651139023505793,1.6
XRPUSDT,0.0009,BE_RAISED,0.003944614393817523,1.6
ETHUSDT,0.0009,BE_RAISED,0.0036363793036590423,1.6
SOLUSDT,0.0024000000000000002,BE_RAISED_BANKED,0.005022193749141913,1.6
ETHUSDT,0.0009,BE_RAISED,0.003327772639658524,1.6
ETHUSDT,0.0009,BE_RAISED,0.004085298969606428,1.6
NEARUSDT,0.0046500000000000005,TP,0.006599533481253942,1.6
NEARUSDT,0.0046500000000000005,TP,0.007000569151963688,1.6
XRPUSDT,0.0046500000000000005,TP,0.0060255292158882335,1.6
BTCUSDT,0.0046500000000000005,TP,0.006845172641301957,1.6
NEARUSDT,0.0046500000000000005,TP,0.006150547342286373,1.6
ETHUSDT,0.0024000000000000002,BE_RAISED_BANKED,0.005743445121295745,1.6
NEARUSDT,0.0024000000000000002,BE_RAISED_BANKED,0.004913588614029104,1.6
SOLUSDT,0.0046500000000000005,TP,0.006772908366533852,1.6
BTCUSDT,0.0046500000000000005,TP,0.00794002687603599,1.6
NEARUSDT,0.0009,BE_RAISED,0.0037744352430849814,1.6
BTCUSDT,0.0024000000000000002,BE_RAISED_BANKED,0.004943950894706945,1.6
SOLUSDT,0.0009,BE_RAISED,0.004298904289830141,1.6
XRPUSDT,0.0024000000000000002,BE_RAISED_BANKED,0.004723665564478039,1.6
BTCUSDT,-0.040600000000000004,MAE_KILL,0.0009896590442359547,1.6
BTCUSDT,0.0046500000000000005,TP,0.007000027131888108,1.6
BTCUSDT,0.0046500000000000005,TP,0.014323851855867088,1.6
ETHUSDT,0.0046500000000000005,TP,0.006232622207861908,1.6
SOLUSDT,0.0024000000000000002,BE_RAISED_BANKED,0.005201809913904952,1.6
BTCUSDT,0.0046500000000000005,TP,0.00831735910732666,1.6
BTCUSDT,-0.040600000000000004,MAE_KILL,0.0025017210519068856,1.6
SOLUSDT,0.0046500000000000005,TP,0.0063795493738799435,1.6
NEARUSDT,0.0024000000000000002,BE_RAISED_BANKED,0.00583139896959745,1.6
BTCUSDT,0.0046500000000000005,TP,0.012481298793755431,1.6
BTCUSDT,0.0009,BE_RAISED,0.0032143288462788645,1.6
SOLUSDT,-0.040600000000000004,MAE_KILL,0.0010033444816052253,1.6
BTCUSDT,0.0046500000000000005,TP,0.006174846063602403,1.6
ETHUSDT,0.0009,BE_RAISED,0.003735990037359993,1.6
XRPUSDT,0.0046500000000000005,TP,0.007641837128521649,1.6
NEARUSDT,0.0046500000000000005,TP,0.006420635363742988,1.6
XRPUSDT,0.0009,BE_RAISED,0.0032824427480915804,1.6
XRPUSDT,0.0046500000000000005,TP,0.00757286009332213,1.6
BTCUSDT,0.0009,BE_RAISED,0.0030897995417794055,1.6
ETHUSDT,0.0009,BE_RAISED,0.004140927584784761,1.6
SOLUSDT,-0.040600000000000004,MAE_KILL,0.0019241848139186725,1.6
BTCUSDT,0.0009,BE_RAISED,0.0031249667839414585,1.6
XRPUSDT,0.0009,BE_RAISED,0.003065368993792631,1.6
BTCUSDT,0.0009,BE_RAISED,0.0033967895501339678,1.6
BTCUSDT,0.0009,BE_RAISED,0.0037825855224951585,1.6
BTCUSDT,0.0024000000000000002,BE_RAISED_BANKED,0.004888401626723992,1.6
SOLUSDT,0.0024000000000000002,BE_RAISED_BANKED,0.005110581453356228,1.6
XRPUSDT,0.0009,BE_RAISED,0.0036863528146840775,1.6
BTCUSDT,0.0009,BE_RAISED,0.003025406539003717,1.6
BTCUSDT,-0.040600000000000004,MAE_KILL,0.00045880794847107386,1.6
ETHUSDT,0.0046500000000000005,TP,0.008241202642577838,1.6
BTCUSDT,0.0046500000000000005,TP,0.011000010578204784,1.6
NEARUSDT,0.0046500000000000005,TP,0.007679411605645985,1.6
ETHUSDT,0.0024000000000000002,BE_RAISED_BANKED,0.005282332275469398,1.6
SOLUSDT,0.0024000000000000002,BE_RAISED_BANKED,0.004759701196536019,1.6
BTCUSDT,0.0046500000000000005,TP,0.006300367838597277,1.6
BTCUSDT,0.0046500000000000005,TP,0.006247077208844268,1.6
BTCUSDT,0.0009,BE_RAISED,0.00338045241634429,1.6
BTCUSDT,0.0024000000000000002,BE_RAISED_BANKED,0.004968810834571867,1.6
BTCUSDT,0.0009,BE_RAISED,0.003285986717503287,1.6
BTCUSDT,0.0009,BE_RAISED,0.003777991662002594,1.6
XRPUSDT,-0.040600000000000004,MAE_KILL,0.0004658023445384162,1.6
BTCUSDT,0.0046500000000000005,TP,0.006092658085519478,1.6
NEARUSDT,0.0024000000000000002,BE_RAISED_BANKED,0.005859579365909856,1.6
BTCUSDT,0.0046500000000000005,TP,0.00740831557337493,1.6
BTCUSDT,0.0046500000000000005,TP,0.00702216427640164,1.6
XRPUSDT,0.0056481426448737205,TP,0.007875185735512586,1.6
SOLUSDT,0.0046500000000000005,TP,0.006811854166895928,1.6
BTCUSDT,0.0009,BE_RAISED,0.0037516642014230675,1.6
BTCUSDT,0.0046500000000000005,TP,0.00620311129875613,1.6
BTCUSDT,0.0046500000000000005,TP,0.006115540591446075,1.6
XRPUSDT,-0.040600000000000004,MAE_KILL,0.0014479500076207993,1.6
BTCUSDT,0.0046500000000000005,TP,0.006547171697111648,1.6
BTCUSDT,0.0046500000000000005,TP,0.0071840384670247455,1.6
SOLUSDT,0.0046500000000000005,TP,0.006121313299944273,1.6
XRPUSDT,0.000952064518838994,BE_RAISED,0.004042928550426227,1.6
ETHUSDT,0.0046500000000000005,TP,0.008296531410077896,1.6
ETHUSDT,0.0046500000000000005,TP,0.007346532187772306,1.6
BTCUSDT,0.0046500000000000005,TP,0.007613892321863006,1.6
SOLUSDT,0.0046500000000000005,TP,0.007722972312438205,1.6
BTCUSDT,-0.040600000000000004,MAE_KILL,0.00012354157838318492,1.6
BTCUSDT,0.0046500000000000005,TP,0.006092334539482163,1.6
NEARUSDT,0.0046500000000000005,TP,0.006299049979347371,1.6
BTCUSDT,0.0046500000000000005,TP,0.006013157995122447,1.6
ETHUSDT,-0.040600000000000004,MAE_KILL,0.0005740674593049571,1.6
XRPUSDT,0.005118801638048752,TP,0.0066096702349307404,1.6
ETHUSDT,0.0024000000000000002,BE_RAISED_BANKED,0.005942529538109091,1.6
ETHUSDT,0.005606348612099063,TP,0.011980083111826476,1.6
XRPUSDT,0.002446641888708588,BE_RAISED,0.008281421766214795,1.6
BTCUSDT,0.001725477674390185,BE_RAISED,0.005144235154757379,1.6
ETHUSDT,0.0009159789553472469,BE_RAISED,0.004345010549184304,1.6
BTCUSDT,0.003822648963912028,BE_RAISED_BANKED,0.007447257140586526,1.6
BTCUSDT,0.0046500000000000005,TP,0.006239227763921427,1.6
BTCUSDT,0.0046500000000000005,TP,0.006543017804768103,1.6
BTCUSDT,0.0046500000000000005,TP,0.006114505200865676,1.6
BTCUSDT,0.00558061362320705,TP,0.007649064128127688,1.6
BTCUSDT,0.0046500000000000005,TP,0.009671429641317793,1.6
SOLUSDT,0.0065397120338162185,TP,0.011283078684337892,1.6
SOLUSDT,0.0046500000000000005,TP,0.010531534012668719,1.6
BTCUSDT,0.0009,BE_RAISED,0.0042781429921520744,1.6
BTCUSDT,0.0024000000000000002,BE_RAISED_BANKED,0.005712846700736807,1.6
XRPUSDT,0.0046500000000000005,TP,0.007255936675461756,1.6
BTCUSDT,0.0009,BE_RAISED,0.0037944266836059943,1.6
BTCUSDT,0.0024000000000000002,BE_RAISED_BANKED,0.004910973171029772,1.6
SOLUSDT,0.0009,BE_RAISED,0.0032116594312041093,1.6
ETHUSDT,0.0046500000000000005,TP,0.006944649290996825,1.6
ETHUSDT,0.0009,BE_RAISED,0.004113468047317327,1.6
NEARUSDT,0.004734114888628375,TP,0.011989768730683132,1.6
SOLUSDT,0.0024000000000000002,BE_RAISED_BANKED,0.0053309984816075975,1.6
XRPUSDT,0.00496998556998555,TP,0.007142857142857157,1.6
XRPUSDT,-0.040600000000000004,MAE_KILL,0.0022138587558112994,1.6
XRPUSDT,0.006316631160346537,TP,0.00823746626899592,1.6
ETHUSDT,0.0024000000000000002,BE_RAISED_BANKED,0.005190954459084102,1.6
BTCUSDT,0.0024000000000000002,BE_RAISED_BANKED,0.0059520805103335595,1.6
NEARUSDT,0.0009,BE_RAISED,0.004399448743771851,1.6
NEARUSDT,0.0009,BE_RAISED,0.0038141653864491687,1.6
ETHUSDT,0.0009,BE_RAISED,0.0039954745992959555,1.6
BTCUSDT,0.0024000000000000002,BE_RAISED_BANKED,0.005499317783119967,1.6
XRPUSDT,0.0024247292049867277,BE_RAISED_BANKED,0.005221745350500617,1.6
SOLUSDT,0.0046500000000000005,TP,0.008002902151329542,1.6
NEARUSDT,0.0009,BE_RAISED,0.004362222105429113,1.6
BTCUSDT,0.0046500000000000005,TP,0.006400238630984417,1.6
BTCUSDT,0.0046500000000000005,TP,0.0063044344509592225,1.6
BTCUSDT,0.0046500000000000005,TP,0.00626395435375841,1.6
XRPUSDT,0.0046500000000000005,TP,0.008887308922858127,1.6
SOLUSDT,0.0009,BE_RAISED,0.003106673352373025,1.6
SOLUSDT,0.0009,BE_RAISED,0.0037304885631075724,1.6
ETHUSDT,-0.040600000000000004,MAE_KILL,0.0029505767806116204,1.6
SOLUSDT,0.0046500000000000005,TP,0.006074502303746822,1.6
SOLUSDT,0.0046500000000000005,TP,0.00742864590121217,1.6
BTCUSDT,0.0046500000000000005,TP,0.007149790295131527,1.6
BTCUSDT,0.0046500000000000005,TP,0.007655689733338753,1.6
BTCUSDT,0.0009,BE_RAISED,0.003970360440679235,1.6
BTCUSDT,0.0009,BE_RAISED,0.003485171401138514,1.6
SOLUSDT,0.0009,BE_RAISED,0.004467368784530403,1.6
BTCUSDT,0.0024000000000000002,BE_RAISED_BANKED,0.005441626134152519,1.6
NEARUSDT,0.005477770973668095,TP,0.007246376811594198,1.6
BTCUSDT,0.0046500000000000005,TP,0.00657795271151557,1.6
NEARUSDT,0.0046500000000000005,TP,0.008893886730729954,1.6
BTCUSDT,0.0046500000000000005,TP,0.0071614108260969565,1.6
BTCUSDT,0.0009,BE_RAISED,0.0033437181584809817,1.6
BTCUSDT,0.0024000000000000002,BE_RAISED_BANKED,0.005797423821723146,1.6
SOLUSDT,0.0046500000000000005,TP,0.007301373811124961,1.6
XRPUSDT,0.0046500000000000005,TP,0.006878456956460107,1.6
BTCUSDT,0.0009,BE_RAISED,0.004097545552365571,1.6
BTCUSDT,0.0024000000000000002,BE_RAISED_BANKED,0.004885442809442324,1.6
XRPUSDT,0.006765181506609791,TP,0.008603203469259269,1.6
NEARUSDT,0.0009,BE_RAISED,0.00383683360258484,1.6
XRPUSDT,0.0024000000000000002,BE_RAISED_BANKED,0.005470156488021062,1.6
ETHUSDT,0.0024000000000000002,BE_RAISED_BANKED,0.004629392303536807,1.6
BTCUSDT,0.0009,BE_RAISED,0.0037940158139274914,1.6
NEARUSDT,0.0009,BE_RAISED,0.003931178843110246,1.6
BTCUSDT,0.0046500000000000005,TP,0.006575871012252266,1.6
BTCUSDT,0.0046500000000000005,TP,0.0064667068732877,1.6
BTCUSDT,0.0009,BE_RAISED,0.004469318162872982,1.6
ETHUSDT,0.0009,BE_RAISED,0.003919575240356888,1.6
BTCUSDT,0.0046500000000000005,TP,0.006128295736715229,1.6
BTCUSDT,0.0009,BE_RAISED,0.0031310417332225163,1.6
BTCUSDT,0.0009,BE_RAISED,0.0033915697085975622,1.6
BTCUSDT,0.0024000000000000002,BE_RAISED_BANKED,0.0045630613808231605,1.6
XRPUSDT,0.0065595872634043855,TP,0.009875292777109473,1.6
NEARUSDT,0.0046500000000000005,TP,0.007907945828203294,1.6
XRPUSDT,0.005806475497270509,TP,0.009223818786471832,1.6
ETHUSDT,0.0009,BE_RAISED,0.003981343653865317,1.6
NEARUSDT,0.0009,BE_RAISED,0.0030432136335970554,1.6
ETHUSDT,0.0046500000000000005,TP,0.009495808335651034,1.6
SOLUSDT,-0.040600000000000004,MAE_KILL,6.966976531232748e-05,1.6
ETHUSDT,-0.040600000000000004,MAE_KILL,0.00046920774863084175,1.6
BTCUSDT,0.0046500000000000005,TP,0.01602206325330208,1.6
SOLUSDT,0.023778422811268986,TP,0.02938947188624257,1.6
BTCUSDT,0.0046500000000000005,TP,0.009514019198508281,1.6
BTCUSDT,0.0024000000000000002,BE_RAISED_BANKED,0.004696444120880018,1.6
BTCUSDT,0.00300297429816426,BE_RAISED_BANKED,0.00622349414362216,1.6
BTCUSDT,0.0009,BE_RAISED,0.003083434255943234,1.6
NEARUSDT,-0.0256,MAE_KILL,0.007470093506764864,1.6
NEARUSDT,0.002658119557542956,BE_RAISED,0.006589785831960536,1.6
XRPUSDT,0.004065530263789873,BE_RAISED,0.010943371349462687,1.6
BTCUSDT,0.0009,BE_RAISED,0.0031245506515311413,1.6
BTCUSDT,0.0009,BE_RAISED,0.003877176629377262,1.6
ETHUSDT,0.0024000000000000002,BE_RAISED_BANKED,0.005281050929134973,1.6
BTCUSDT,0.0024000000000000002,BE_RAISED_BANKED,0.004582797380889282,1.6
BTCUSDT,0.0046500000000000005,TP,0.006106019160714054,1.6
BTCUSDT,0.0046500000000000005,TP,0.0063958423784498345,1.6
BTCUSDT,0.0009,BE_RAISED,0.0035166919130413263,1.6
BTCUSDT,0.0033400425088374935,BE_RAISED_BANKED,0.006741879365409121,1.6
SOLUSDT,0.008430483751958972,BE_RAISED,0.02549408801809873,1.6
ETHUSDT,0.0009,BE_RAISED,0.003857524872523113,1.6
BTCUSDT,0.0009,BE_RAISED,0.0037165246203501555,1.6
NEARUSDT,0.0030660774033974955,BE_RAISED_BANKED,0.005523394763396869,1.6
NEARUSDT,0.0024000000000000002,BE_RAISED_BANKED,0.005470575738262149,1.6
NEARUSDT,0.0009,BE_RAISED,0.003978990927900717,1.6
NEARUSDT,0.0046500000000000005,TP,0.006373824826047703,1.6
ETHUSDT,0.0046500000000000005,TP,0.006314697645472378,1.6
XRPUSDT,0.0046500000000000005,TP,0.012159075641542392,1.6
BTCUSDT,0.0009,BE_RAISED,0.00330519718240386,1.6
BTCUSDT,0.0009,BE_RAISED,0.0033449499035409797,1.6
XRPUSDT,0.0046500000000000005,TP,0.006059395392196103,1.6
BTCUSDT,0.0009,BE_RAISED,0.0031457260509407635,1.6
XRPUSDT,0.0058353703959166435,TP,0.010898054904124732,1.6
XRPUSDT,0.003451868681356835,BE_RAISED_BANKED,0.0076394194041252165,1.6
XRPUSDT,0.004729262369023677,TP,0.0064534036499896506,1.6
BTCUSDT,0.0024000000000000002,BE_RAISED_BANKED,0.004681704948953277,1.6
BTCUSDT,0.0009,BE_RAISED,0.003077611700875214,1.6
SOLUSDT,0.0009,BE_RAISED,0.0031084235094418857,1.6
SOLUSDT,0.0009,BE_RAISED,0.0042626288331847435,1.6
NEARUSDT,0.0046500000000000005,TP,0.013082668040175167,1.6
ETHUSDT,0.0024000000000000002,BE_RAISED_BANKED,0.00580684722353692,1.6
BTCUSDT,0.0009,BE_RAISED,0.0037622875950597125,1.6
ETHUSDT,0.0046500000000000005,TP,0.007492757276818785,1.6
BTCUSDT,0.0009,BE_RAISED,0.0033200142936036124,1.6
BTCUSDT,0.0046500000000000005,TP,0.007976493073387637,1.6
BTCUSDT,0.0046500000000000005,TP,0.007620382931070512,1.6
BTCUSDT,0.0046500000000000005,TP,0.007453852457950125,1.6
BTCUSDT,0.0046500000000000005,TP,0.006407615073673154,1.6
BTCUSDT,-0.040600000000000004,MAE_KILL,0.0013206040723041659,1.6
BTCUSDT,0.0046500000000000005,TP,0.01074944588466569,1.6
BTCUSDT,0.0046500000000000005,TP,0.007645772499312472,1.6
BTCUSDT,0.0046500000000000005,TP,0.007997790463125735,1.6
XRPUSDT,0.002471565520209702,BE_RAISED_BANKED,0.005272528074500165,1.6
BTCUSDT,0.0046500000000000005,TP,0.006322070418866649,1.6
BTCUSDT,0.0009,BE_RAISED,0.003546942157659751,1.6
BTCUSDT,0.0009,BE_RAISED,0.0040949181016379675,1.6
XRPUSDT,0.0024000000000000002,BE_RAISED_BANKED,0.004670650456762083,1.6
ETHUSDT,0.0046500000000000005,TP,0.006145476526294718,1.6
XRPUSDT,0.0024000000000000002,BE_RAISED_BANKED,0.0052953717075854756,1.6
XRPUSDT,0.0046500000000000005,TP,0.008831382214006922,1.6
ETHUSDT,0.0009,BE_RAISED,0.0032063088102333385,1.6
SOLUSDT,0.0046500000000000005,TP,0.006818647706798203,1.6
BTCUSDT,0.0009,BE_RAISED,0.0030787146072120547,1.6
SOLUSDT,0.0024000000000000002,BE_RAISED_BANKED,0.004692718232874774,1.6
BTCUSDT,0.0046500000000000005,TP,0.007059782167270517,1.6
BTCUSDT,0.0046500000000000005,TP,0.007108598049786273,1.6
BTCUSDT,0.0046500000000000005,TP,0.009151374078425747,1.6
SOLUSDT,0.0046500000000000005,TP,0.007284034758902683,1.6
BTCUSDT,0.0046500000000000005,TP,0.006799177483145382,1.6
ETHUSDT,0.0046500000000000005,TP,0.006120618756948182,1.6
BTCUSDT,0.0009,BE_RAISED,0.0031307323839587235,1.6
SOLUSDT,0.0024000000000000002,BE_RAISED_BANKED,0.005086394687308427,1.6
ETHUSDT,-0.040600000000000004,MAE_KILL,0.00045712931257079446,1.6
BTCUSDT,0.0046500000000000005,TP,0.007313632554084627,1.6
BTCUSDT,0.0046500000000000005,TP,0.006694215090011253,1.6
BTCUSDT,0.0046500000000000005,TP,0.007245785488999776,1.6
SOLUSDT,0.0009,BE_RAISED,0.003158844765342981,1.6
XRPUSDT,0.0046500000000000005,TP,0.007351493272070808,1.6
NEARUSDT,0.0009,BE_RAISED,0.003991511721907851,1.6
BTCUSDT,0.0024000000000000002,BE_RAISED_BANKED,0.004572334329086143,1.6
BTCUSDT,0.0046500000000000005,TP,0.00613363954223482,1.6
BTCUSDT,0.0046500000000000005,TP,0.006163403726163098,1.6
NEARUSDT,0.0009,BE_RAISED,0.0033680039623574516,1.6
ETHUSDT,0.004765297267018736,TP,0.00640929367878843,1.6
BTCUSDT,0.0046500000000000005,TP,0.006928620891087998,1.6
NEARUSDT,0.0046500000000000005,TP,0.009092256757424616,1.6
BTCUSDT,-0.011827764865720859,MAX_AGE,0.0026129423333550706,1.6
ETHUSDT,0.0046500000000000005,TP,0.006928875458946594,1.6
ETHUSDT,0.0009,BE_RAISED,0.0030923076294623645,1.6
BTCUSDT,0.0024000000000000002,BE_RAISED_BANKED,0.005519279507486719,1.6
NEARUSDT,0.0046500000000000005,TP,0.008711146307661769,1.6
ETHUSDT,0.0046500000000000005,TP,0.006244965378074642,1.6
XRPUSDT,0.0046500000000000005,TP,0.010472950436928854,1.6
BTCUSDT,0.0009,BE_RAISED,0.0034181959162574308,1.6
XRPUSDT,0.0009,BE_RAISED,0.003486189326897354,1.6
ETHUSDT,0.0046500000000000005,TP,0.006840084523901691,1.6
BTCUSDT,0.0024000000000000002,BE_RAISED_BANKED,0.0054172793736926034,1.6
BTCUSDT,0.0024000000000000002,BE_RAISED_BANKED,0.005481647160545602,1.6
XRPUSDT,0.0046500000000000005,TP,0.006682867557715687,1.6
NEARUSDT,0.0046500000000000005,TP,0.0072658505026376875,1.6
BTCUSDT,-0.020703773716845966,MAX_AGE,0.0018143236209171253,1.6
XRPUSDT,0.0009,BE_RAISED,0.0038084874863981415,1.6
NEARUSDT,0.005227200322613196,TP,0.006905938098598672,1.6
BTCUSDT,0.0024000000000000002,BE_RAISED_BANKED,0.004683116883116959,1.6
BTCUSDT,0.0024000000000000002,BE_RAISED_BANKED,0.005470990514008458,1.6
SOLUSDT,0.0046500000000000005,TP,0.0062725919625771145,1.6
SOLUSDT,0.0024000000000000002,BE_RAISED_BANKED,0.005802091303239039,1.6
BTCUSDT,0.0009,BE_RAISED,0.004279101129423359,1.6
ETHUSDT,0.0046500000000000005,TP,0.006168356981421637,1.6
NEARUSDT,0.0024000000000000002,BE_RAISED_BANKED,0.005429591272434729,1.6
BTCUSDT,0.0009,BE_RAISED,0.004144769971722598,1.6
XRPUSDT,0.0009,BE_RAISED,0.0036982248520710465,1.6
BTCUSDT,0.0046500000000000005,TP,0.006014765862976922,1.6
SOLUSDT,0.0009,BE_RAISED,0.004220491286555289,1.6
BTCUSDT,0.0024000000000000002,BE_RAISED_BANKED,0.005556713563844556,1.6
BTCUSDT,0.0009,BE_RAISED,0.0030175609604347325,1.6
SOLUSDT,0.0046500000000000005,TP,0.007519195128408875,1.6
BTCUSDT,0.0009,BE_RAISED,0.004326718776156689,1.6
ETHUSDT,0.0024000000000000002,BE_RAISED_BANKED,0.005377150758924312,1.6
BTCUSDT,0.0046500000000000005,TP,0.006851833283197968,1.6
BTCUSDT,0.0046500000000000005,TP,0.006707928450474947,1.6
BTCUSDT,0.0046500000000000005,TP,0.006746702717553881,1.6
BTCUSDT,0.0046500000000000005,TP,0.007035696605782856,1.6
SOLUSDT,0.0046500000000000005,TP,0.006467369656820658,1.6
NEARUSDT,0.0046500000000000005,TP,0.006351126568879452,1.6
SOLUSDT,0.0024000000000000002,BE_RAISED_BANKED,0.0054029478314196735,1.6
BTCUSDT,0.0009,BE_RAISED,0.0033202597044917114,1.6
BTCUSDT,0.0046500000000000005,TP,0.0061464071630561315,1.6
BTCUSDT,0.0046500000000000005,TP,0.006341434149541981,1.6
BTCUSDT,0.0046500000000000005,TP,0.00602762373850446,1.6
BTCUSDT,0.0046500000000000005,TP,0.006709280236672106,1.6
BTCUSDT,-0.040600000000000004,MAE_KILL,0.0022117551763223466,1.6
BTCUSDT,0.0046500000000000005,TP,0.007116533231668573,1.6
ETHUSDT,0.0046500000000000005,TP,0.007849054791285639,1.6
SOLUSDT,0.0009,BE_RAISED,0.004000374060951207,1.6
BTCUSDT,0.0046500000000000005,TP,0.006177680654011849,1.6
BTCUSDT,0.0009,BE_RAISED,0.004179511275814814,1.6
BTCUSDT,0.0009,BE_RAISED,0.004236285831021581,1.6
BTCUSDT,0.0024000000000000002,BE_RAISED_BANKED,0.004728132387706929,1.6
BTCUSDT,0.0024000000000000002,BE_RAISED_BANKED,0.005197551263302503,1.6
BTCUSDT,0.0024000000000000002,BE_RAISED_BANKED,0.005621549865604715,1.6
BTCUSDT,0.0046500000000000005,TP,0.006188615428627052,1.6
BTCUSDT,0.0046500000000000005,TP,0.006122842297188091,1.6
BTCUSDT,0.0046500000000000005,TP,0.007517150041656396,1.6
BTCUSDT,0.0046500000000000005,TP,0.007046945858985115,1.6
BTCUSDT,0.0046500000000000005,TP,0.007608155841450605,1.6
BTCUSDT,0.0046500000000000005,TP,0.007091178110937581,1.6
BTCUSDT,0.0009,BE_RAISED,0.004386823911326468,1.6
BTCUSDT,0.0024000000000000002,BE_RAISED_BANKED,0.005929078558054155,1.6
BTCUSDT,0.0009,BE_RAISED,0.003014496161277387,1.6
BTCUSDT,0.0009,BE_RAISED,0.003586202316472174,1.6
ETHUSDT,-0.040600000000000004,MAE_KILL,0.0005065000844166883,1.6
NEARUSDT,0.0046500000000000005,TP,0.006363636363636336,1.6
BTCUSDT,0.0046500000000000005,TP,0.006154297388595623,1.6
NEARUSDT,-0.0256,MAE_KILL,0.0,1.6
SOLUSDT,0.0009,BE_RAISED,0.0039028035831058924,1.6
BTCUSDT,0.0009,BE_RAISED,0.0038900421463168786,1.6
SOLUSDT,0.0009,BE_RAISED,0.0039204675443521905,1.6
SOLUSDT,0.0046500000000000005,TP,0.007894545492318305,1.6
SOLUSDT,-0.040600000000000004,MAE_KILL,0.0,1.6
BTCUSDT,0.0024000000000000002,BE_RAISED_BANKED,0.004845249808062155,1.6
ETHUSDT,0.0046500000000000005,TP,0.010474851994442057,1.6
ETHUSDT,0.0046500000000000005,TP,0.008473426791028613,1.6
BTCUSDT,0.0046500000000000005,TP,0.006140938707979703,1.6
BTCUSDT,0.0046500000000000005,TP,0.008349786942549932,1.6
BTCUSDT,0.0009,BE_RAISED,0.0031752775996872935,1.6
BTCUSDT,0.0046500000000000005,TP,0.006673183463858928,1.6
BTCUSDT,0.0024000000000000002,BE_RAISED_BANKED,0.004655500561346347,1.6
BTCUSDT,0.0046500000000000005,TP,0.006506512213012338,1.6
BTCUSDT,0.0024000000000000002,BE_RAISED_BANKED,0.004756059946410198,1.6
SOLUSDT,0.0009,BE_RAISED,0.0037530749984230707,1.6
NEARUSDT,0.0009,BE_RAISED,0.0031852042126894343,1.6
NEARUSDT,0.0024000000000000002,BE_RAISED_BANKED,0.004525817732976712,1.6
SOLUSDT,-0.040600000000000004,MAE_KILL,0.0019000570017099734,1.6
SOLUSDT,-0.040600000000000004,MAE_KILL,0.0023064042210357576,1.6
NEARUSDT,0.0046500000000000005,TP,0.006074333367651503,1.6
BTCUSDT,0.0046500000000000005,TP,0.00607986769883233,1.6
BTCUSDT,0.0046500000000000005,TP,0.00730837066920757,1.6
NEARUSDT,0.0046500000000000005,TP,0.00831505381829311,1.6
SOLUSDT,0.001329377553721829,BE_RAISED,0.003931873670173752,1.6
ETHUSDT,0.0009,BE_RAISED,0.004336732647051722,1.6
BTCUSDT,0.0046500000000000005,TP,0.013702562868185858,1.6
BTCUSDT,0.0046500000000000005,TP,0.014157729244716286,1.6
BTCUSDT,0.0046500000000000005,TP,0.013271929824561476,1.6
ETHUSDT,0.0046500000000000005,TP,0.007334786930451863,1.6
XRPUSDT,0.0046500000000000005,TP,0.009314529353886514,1.6
BTCUSDT,0.0009,BE_RAISED,0.003302786377708942,1.6
BTCUSDT,0.0046500000000000005,TP,0.006826247510682674,1.6
BTCUSDT,0.0024000000000000002,BE_RAISED_BANKED,0.00537839954567553,1.6
BTCUSDT,0.0024000000000000002,BE_RAISED_BANKED,0.005379643468707041,1.6
BTCUSDT,0.0009,BE_RAISED,0.003910302252111006,1.6
BTCUSDT,0.0009,BE_RAISED,0.003545822023811704,1.6
ETHUSDT,0.0009,BE_RAISED,0.0031027925132619356,1.6
SOLUSDT,0.0046500000000000005,TP,0.007363146859342144,1.6
BTCUSDT,0.0009,BE_RAISED,0.0033649612403101135,1.6
NEARUSDT,0.0046500000000000005,TP,0.007534766118836984,1.6
NEARUSDT,-0.0256,MAE_KILL,0.002246181491464374,1.6
BTCUSDT,0.0009,BE_RAISED,0.0042073442687943635,1.6
BTCUSDT,0.0046500000000000005,TP,0.010827518462912225,1.6
BTCUSDT,0.0046500000000000005,TP,0.010724323411315994,1.6
BTCUSDT,0.0046500000000000005,TP,0.007425491177056926,1.6
BTCUSDT,0.0046500000000000005,TP,0.006853152827192507,1.6
BTCUSDT,0.0046500000000000005,TP,0.006516566729138146,1.6
BTCUSDT,0.0024000000000000002,BE_RAISED_BANKED,0.005301097533364354,1.6
ETHUSDT,0.0009,BE_RAISED,0.003115100744545558,1.6
BTCUSDT,0.0009,BE_RAISED,0.0035940886499592805,1.6
BTCUSDT,0.0009,BE_RAISED,0.004309442854225966,1.6
SOLUSDT,0.0046500000000000005,TP,0.0066904046052969224,1.6
BTCUSDT,0.0046500000000000005,TP,0.006039057835690383,1.6
BTCUSDT,0.0046500000000000005,TP,0.008259749629117845,1.6
BTCUSDT,0.0046500000000000005,TP,0.006288259624562594,1.6
BTCUSDT,0.0009,BE_RAISED,0.0035490498857821797,1.6
NEARUSDT,0.005168927651972896,TP,0.009089476172962798,1.6
BTCUSDT,0.0046500000000000005,TP,0.006280360155281322,1.6
BTCUSDT,0.0009,BE_RAISED,0.003439976830744287,1.6
SOLUSDT,0.0009,BE_RAISED,0.003255600346991913,1.6
ETHUSDT,0.0009,BE_RAISED,0.003913229789057444,1.6
NEARUSDT,0.0024000000000000002,BE_RAISED_BANKED,0.005605028810895721,1.6
ETHUSDT,0.0009,BE_RAISED,0.0035102317803217195,1.6
XRPUSDT,0.0009,BE_RAISED,0.0034538805363674013,1.6
BTCUSDT,0.0009,BE_RAISED,0.0030534214780703972,1.6
SOLUSDT,0.0046500000000000005,TP,0.008209756702052973,1.6
ETHUSDT,0.0046500000000000005,TP,0.0067297288435686714,1.6
BTCUSDT,-0.040600000000000004,MAE_KILL,0.00029479786610742457,1.6
XRPUSDT,-0.040600000000000004,MAE_KILL,0.0025011829919556793,1.6
BTCUSDT,0.0009,BE_RAISED,0.004271612079269281,1.6
BTCUSDT,0.0024000000000000002,BE_RAISED_BANKED,0.005770390587465702,1.6
ETHUSDT,0.0009,BE_RAISED,0.003418697932736787,1.6
XRPUSDT,0.003543445360557524,BE_RAISED_BANKED,0.007816316560820782,1.6
BTCUSDT,0.0046500000000000005,TP,0.00677266020289907,1.6
BTCUSDT,0.0046500000000000005,TP,0.006125406276946903,1.6
ETHUSDT,0.0009,BE_RAISED,0.0033374183006536244,1.6
BTCUSDT,0.0024000000000000002,BE_RAISED_BANKED,0.005887330170724878,1.6
BTCUSDT,0.0009,BE_RAISED,0.0035834636757843172,1.6
BTCUSDT,0.0009,BE_RAISED,0.004144106912633938,1.6
XRPUSDT,0.0009,BE_RAISED,0.004373177842565732,1.6
ETHUSDT,0.0009,BE_RAISED,0.0033976877861851278,1.6
ETHUSDT,0.0009,BE_RAISED,0.0040407489613568034,1.6
BTCUSDT,0.0009,BE_RAISED,0.003073817265114129,1.6
BTCUSDT,0.0046500000000000005,TP,0.006857338238366903,1.6
NEARUSDT,0.0009,BE_RAISED,0.003837630398356903,1.6
SOLUSDT,0.0046500000000000005,TP,0.007290867229470484,1.6
SOLUSDT,0.0024000000000000002,BE_RAISED_BANKED,0.005826755297050343,1.6
ETHUSDT,0.0046500000000000005,TP,0.00790052520536882,1.6
NEARUSDT,0.0024000000000000002,BE_RAISED_BANKED,0.005866695638003108,1.6
ETHUSDT,0.0009,BE_RAISED,0.003199041510110564,1.6
BTCUSDT,0.0046500000000000005,TP,0.006313411099255868,1.6
BTCUSDT,0.0024000000000000002,BE_RAISED_BANKED,0.005550428139260627,1.6
XRPUSDT,0.0046500000000000005,TP,0.0061728395061728045,1.6
BTCUSDT,0.0024000000000000002,BE_RAISED_BANKED,0.005617747579968446,1.6
SOLUSDT,0.0046500000000000005,TP,0.0073046760071830644,1.6
BTCUSDT,0.0046500000000000005,TP,0.006129584910377942,1.6
BTCUSDT,0.0009,BE_RAISED,0.0036728575950854925,1.6
BTCUSDT,0.0024000000000000002,BE_RAISED_BANKED,0.0045100451004510414,1.6
BTCUSDT,0.0024000000000000002,BE_RAISED_BANKED,0.0046375121230754,1.6
BTCUSDT,-0.025200317615259513,MAX_AGE,0.00023164607452806247,1.6
NEARUSDT,0.0046500000000000005,TP,0.00684675046803966,1.6
ETHUSDT,0.0046500000000000005,TP,0.006738851517440726,1.6
NEARUSDT,0.0046500000000000005,TP,0.006538032211768447,1.6
ETHUSDT,0.0009,BE_RAISED,0.0036419711272179054,1.6
BTCUSDT,0.0046500000000000005,TP,0.007841574135585677,1.6
ETHUSDT,-0.040600000000000004,MAE_KILL,0.002786914264308142,1.6
SOLUSDT,0.0046500000000000005,TP,0.012912133321665771,1.6
BTCUSDT,0.0046500000000000005,TP,0.007288809948506576,1.6
SOLUSDT,0.005912007302459743,TP,0.007758863457598215,1.6
ETHUSDT,-0.040600000000000004,MAE_KILL,0.0016358023426002438,1.6
ETHUSDT,0.0046500000000000005,TP,0.008445470858768183,1.6
BTCUSDT,0.0046500000000000005,TP,0.006240799224932999,1.6
BTCUSDT,0.0046500000000000005,TP,0.006584023390841346,1.6
SOLUSDT,0.0046500000000000005,TP,0.0065929432508576805,1.6
NEARUSDT,0.0009,BE_RAISED,0.0038673748259681648,1.6
BTCUSDT,0.0024000000000000002,BE_RAISED_BANKED,0.004516727714274556,1.6
SOLUSDT,0.0009,BE_RAISED,0.0033437125748503353,1.6
BTCUSDT,0.0046500000000000005,TP,0.007714058529367134,1.6
XRPUSDT,0.0046500000000000005,TP,0.007374939121964755,1.6
BTCUSDT,0.0046500000000000005,TP,0.00636236304897759,1.6
BTCUSDT,0.0046500000000000005,TP,0.007344594543800659,1.6
BTCUSDT,0.0024000000000000002,BE_RAISED_BANKED,0.005452643409413581,1.6
SOLUSDT,0.0046500000000000005,TP,0.006971958302881047,1.6
BTCUSDT,0.0024000000000000002,BE_RAISED_BANKED,0.005670909188954607,1.6
BTCUSDT,0.0009,BE_RAISED,0.0037422623814488184,1.6
NEARUSDT,0.0009,BE_RAISED,0.003330337791404542,1.6
SOLUSDT,0.0009,BE_RAISED,0.004114713216957489,1.6
SOLUSDT,0.0009,BE_RAISED,0.003766929616885053,1.6
BTCUSDT,0.0024000000000000002,BE_RAISED_BANKED,0.004851435053226993,1.6
SOLUSDT,0.0046500000000000005,TP,0.007257100574876208,1.6
SOLUSDT,0.0046500000000000005,TP,0.010862735391001403,1.6
ETHUSDT,0.0009,BE_RAISED,0.0034265103697025076,1.6
BTCUSDT,0.0009,BE_RAISED,0.003850810054389546,1.6
NEARUSDT,0.0046500000000000005,TP,0.006154809096599224,1.6
BTCUSDT,0.0046500000000000005,TP,0.006620983599133007,1.6
BTCUSDT,0.0046500000000000005,TP,0.006168664539338929,1.6
ETHUSDT,0.0046500000000000005,TP,0.006507704707412617,1.6
XRPUSDT,0.0046500000000000005,TP,0.006502395619438632,1.6
BTCUSDT,0.0046500000000000005,TP,0.007426110018200248,1.6
BTCUSDT,0.0046500000000000005,TP,0.006430515537920103,1.6
BTCUSDT,0.0024000000000000002,BE_RAISED_BANKED,0.005571464143426295,1.6
BTCUSDT,0.0024000000000000002,BE_RAISED_BANKED,0.005596503897009388,1.6
BTCUSDT,0.0024000000000000002,BE_RAISED_BANKED,0.005738001935081418,1.6
NEARUSDT,0.0009,BE_RAISED,0.0036399563205242146,1.6
BTCUSDT,0.0009,BE_RAISED,0.003283839405326537,1.6
BTCUSDT,0.0009,BE_RAISED,0.0034511834761066173,1.6
SOLUSDT,0.0046500000000000005,TP,0.007931114731207856,1.6
SOLUSDT,0.0046500000000000005,TP,0.009566344369749432,1.6
BTCUSDT,0.0009,BE_RAISED,0.003057864880595516,1.6
BTCUSDT,0.0024000000000000002,BE_RAISED_BANKED,0.005347307564095475,1.6
BTCUSDT,0.0024000000000000002,BE_RAISED_BANKED,0.0051322674997015035,1.6
BTCUSDT,0.0024000000000000002,BE_RAISED_BANKED,0.004889832678951998,1.6
BTCUSDT,0.0046500000000000005,TP,0.007140150926989881,1.6
BTCUSDT,0.0046500000000000005,TP,0.006336604614271435,1.6
BTCUSDT,0.0046500000000000005,TP,0.006849000172716043,1.6
BTCUSDT,0.0009,BE_RAISED,0.004161721160934118,1.6
SOLUSDT,0.0046500000000000005,TP,0.007243142724314239,1.6
BTCUSDT,0.0009,BE_RAISED,0.003576234331350281,1.6
SOLUSDT,0.0009,BE_RAISED,0.003745455544464618,1.6
NEARUSDT,0.0009,BE_RAISED,0.003403114365267577,1.6
NEARUSDT,0.0046500000000000005,TP,0.006603724913584029,1.6
XRPUSDT,0.0046500000000000005,TP,0.006058519793459497,1.6
BTCUSDT,-0.040600000000000004,MAE_KILL,0.0016595315751753586,1.6
ETHUSDT,0.0009,BE_RAISED,0.003178423137970559,1.6
XRPUSDT,0.0009,BE_RAISED,0.004024007638794173,1.6
ETHUSDT,0.0046500000000000005,TP,0.006487837784214876,1.6
BTCUSDT,0.0046500000000000005,TP,0.006015835472504642,1.6
ETHUSDT,0.0046500000000000005,TP,0.006577476930936499,1.6
BTCUSDT,0.0009,BE_RAISED,0.0036985199666294826,1.6
BTCUSDT,0.0009,BE_RAISED,0.003982559266358815,1.6
ETHUSDT,0.0046500000000000005,TP,0.006118638964167332,1.6
ETHUSDT,0.0024000000000000002,BE_RAISED_BANKED,0.005982950598495684,1.6
BTCUSDT,0.0009,BE_RAISED,0.00395060492073136,1.6
BTCUSDT,0.0009,BE_RAISED,0.003933148985230182,1.6
XRPUSDT,0.0046500000000000005,TP,0.0065900168255747715,1.6
XRPUSDT,0.0009,BE_RAISED,0.003878975950348994,1.6
XRPUSDT,-0.040600000000000004,MAE_KILL,6.822213125937303e-05,1.6
BTCUSDT,0.0046500000000000005,TP,0.0061670204366496865,1.6
BTCUSDT,0.0024000000000000002,BE_RAISED_BANKED,0.005567442112328664,1.6
BTCUSDT,0.0024000000000000002,BE_RAISED_BANKED,0.005444177012662166,1.6
SOLUSDT,0.0009,BE_RAISED,0.0034439992367867774,1.6
BTCUSDT,0.0024000000000000002,BE_RAISED_BANKED,0.0047657861153489415,1.6
ETHUSDT,0.0046500000000000005,TP,0.006465999552415292,1.6
BTCUSDT,0.0024000000000000002,BE_RAISED_BANKED,0.00543117692317402,1.6
BTCUSDT,0.0046500000000000005,TP,0.0064108231264509066,1.6
NEARUSDT,0.00285135284030509,BE_RAISED_BANKED,0.00602900439954369,1.6
NEARUSDT,0.001258253769722578,BE_RAISED,0.004839849910272396,1.6
BTCUSDT,0.0046500000000000005,TP,0.006116374299336749,1.6
NEARUSDT,0.0014137562687285535,BE_RAISED,0.005216824258232829,1.6
SOLUSDT,0.0013957831697651941,BE_RAISED,0.004605547810201425,1.6
SOLUSDT,0.0014330647764659035,BE_RAISED,0.004452137121977095,1.6
BTCUSDT,0.0009,BE_RAISED,0.004206149619476887,1.6
NEARUSDT,0.0046500000000000005,TP,0.007567158531971251,1.6
NEARUSDT,0.0046500000000000005,TP,0.007458250013511341,1.6
BTCUSDT,0.0024000000000000002,BE_RAISED_BANKED,0.004716577486270619,1.6
BTCUSDT,0.0024000000000000002,BE_RAISED_BANKED,0.004936624416277482,1.6
SOLUSDT,0.0009,BE_RAISED,0.00392156862745086,1.6
BTCUSDT,0.0046500000000000005,TP,0.006046104242301187,1.6
BTCUSDT,0.0046500000000000005,TP,0.006374478660073785,1.6
XRPUSDT,0.0046500000000000005,TP,0.006060173962640933,1.6
ETHUSDT,-0.040600000000000004,MAE_KILL,0.001273391217126916,1.6
BTCUSDT,-0.040600000000000004,MAE_KILL,6.281337407588374e-05,1.6
SOLUSDT,0.0046500000000000005,TP,0.007221693625118938,1.6
BTCUSDT,0.0046500000000000005,TP,0.006399310312188658,1.6
BTCUSDT,0.0046500000000000005,TP,0.006946364744318547,1.6
BTCUSDT,0.0046500000000000005,TP,0.00686753744241855,1.6
ETHUSDT,0.0046500000000000005,TP,0.006406879739314744,1.6
SOLUSDT,0.0046500000000000005,TP,0.008408759683976466,1.6
ETHUSDT,0.0046500000000000005,TP,0.011309687171021692,1.6
BTCUSDT,0.0046500000000000005,TP,0.007993736865960728,1.6
ETHUSDT,0.004662402035205797,TP,0.0067826515120428975,1.6
SOLUSDT,0.0046500000000000005,TP,0.007101449275362313,1.6
BTCUSDT,0.0009,BE_RAISED,0.0037261889560868014,1.6
ETHUSDT,0.0024000000000000002,BE_RAISED_BANKED,0.005471449728484524,1.6
SOLUSDT,0.0009,BE_RAISED,0.003100127309303323,1.6
SOLUSDT,0.0046500000000000005,TP,0.007115192343159901,1.6
ETHUSDT,0.0009,BE_RAISED,0.0032003938946332604,1.6
SOLUSDT,0.0009,BE_RAISED,0.0030472858008016484,1.6
BTCUSDT,0.0024000000000000002,BE_RAISED_BANKED,0.004642366330532432,1.6
ETHUSDT,0.0009,BE_RAISED,0.0032593429721440976,1.6
ETHUSDT,0.0009,BE_RAISED,0.0035303379447775302,1.6
NEARUSDT,0.0046500000000000005,TP,0.008181666388378658,1.6
ETHUSDT,0.0024000000000000002,BE_RAISED_BANKED,0.005805943711867683,1.6
BTCUSDT,-0.02267674655309041,MAX_AGE,0.001189344971386864,1.6
BTCUSDT,-0.02284170319348779,MAX_AGE,0.001514088916718775,1.6
BTCUSDT,-0.010263720645724865,MAX_AGE,0.00046317389914392006,1.6
SOLUSDT,0.0046500000000000005,TP,0.0063789868667916754,1.6
BTCUSDT,-0.009438790931989962,MAX_AGE,0.0011158690176323151,1.6
ETHUSDT,-0.040600000000000004,MAE_KILL,0.0005878532257931235,1.6
SOLUSDT,0.0046500000000000005,TP,0.011673188351267964,1.6
BTCUSDT,-0.02254318899585482,MAX_AGE,0.0026363343972534304,1.6
BTCUSDT,-0.022299758388845372,MAX_AGE,0.0018317977860713185,1.6
NEARUSDT,-0.0256,MAE_KILL,0.0017127870256383297,1.6
NEARUSDT,0.0046500000000000005,TP,0.008157289270027105,1.6
BTCUSDT,0.0046500000000000005,TP,0.006039046255905365,1.6
NEARUSDT,0.0024000000000000002,BE_RAISED_BANKED,0.005482514504710692,1.6
BTCUSDT,0.0046500000000000005,TP,0.007484950189121407,1.6
XRPUSDT,0.0046500000000000005,TP,0.0089535133586419,1.6
ETHUSDT,0.0009,BE_RAISED,0.003707079914919514,1.6
XRPUSDT,0.0009,BE_RAISED,0.0031762073197141123,1.6
ETHUSDT,0.0046500000000000005,TP,0.0064555869396952905,1.6
BTCUSDT,0.0009,BE_RAISED,0.0041652217371791886,1.6
ETHUSDT,0.0046500000000000005,TP,0.008662786672259934,1.6
BTCUSDT,0.0046500000000000005,TP,0.0064011879705206534,1.6
NEARUSDT,0.0046500000000000005,TP,0.016846397338912963,1.6
BTCUSDT,0.0024000000000000002,BE_RAISED_BANKED,0.0046381821091375,1.6
NEARUSDT,0.0046500000000000005,TP,0.009598698481561849,1.6
ETHUSDT,0.0046500000000000005,TP,0.009186061736881843,1.6
BTCUSDT,0.0046500000000000005,TP,0.006483480578387971,1.6
ETHUSDT,-0.040600000000000004,MAE_KILL,0.0003900109441846655,1.6
BTCUSDT,0.0009,BE_RAISED,0.0037532525830942646,1.6
BTCUSDT,0.0046500000000000005,TP,0.0063126152042635,1.6
ETHUSDT,0.0009,BE_RAISED,0.0036005392512702835,1.6
BTCUSDT,0.0046500000000000005,TP,0.006916090433063217,1.6
BTCUSDT,0.0046500000000000005,TP,0.006400907365758569,1.6
ETHUSDT,0.0046500000000000005,TP,0.006480473744977348,1.6
BTCUSDT,0.0046500000000000005,TP,0.006998595125472051,1.6
SOLUSDT,0.0046500000000000005,TP,0.006872447376688687,1.6
NEARUSDT,-0.0256,MAE_KILL,0.000497210098889632,1.6
SOLUSDT,0.0046500000000000005,TP,0.007157664176477484,1.6
BTCUSDT,0.0009,BE_RAISED,0.003066851993005351,1.6
BTCUSDT,0.0009,BE_RAISED,0.0036364242298394063,1.6
BTCUSDT,0.0009,BE_RAISED,0.0035939733015463338,1.6
XRPUSDT,0.0009,BE_RAISED,0.003946502959877109,1.6
BTCUSDT,0.0009,BE_RAISED,0.004028943767895872,1.6
SOLUSDT,0.0009,BE_RAISED,0.0036679931115674055,1.6
BTCUSDT,0.0009,BE_RAISED,0.0031813863325699915,1.6
ETHUSDT,0.0009,BE_RAISED,0.0038728079701977457,1.6
BTCUSDT,0.0046500000000000005,TP,0.006082537038716422,1.6
BTCUSDT,0.0046500000000000005,TP,0.006093238944111115,1.6
BTCUSDT,0.0024000000000000002,BE_RAISED_BANKED,0.004969647729122199,1.6
SOLUSDT,0.0009,BE_RAISED,0.0036515896586980868,1.6
NEARUSDT,0.0046500000000000005,TP,0.006816706340618883,1.6
ETHUSDT,0.0046500000000000005,TP,0.006955636955637015,1.6
ETHUSDT,0.0009,BE_RAISED,0.0037262200332930768,1.6
BTCUSDT,0.0009,BE_RAISED,0.003725920854722024,1.6
BTCUSDT,0.0009,BE_RAISED,0.0035509673873352385,1.6
XRPUSDT,0.0009,BE_RAISED,0.0037039726922796735,1.6
NEARUSDT,0.0009,BE_RAISED,0.0038751345532830315,1.6
BTCUSDT,0.0009,BE_RAISED,0.0035862829441310772,1.6
SOLUSDT,0.0024000000000000002,BE_RAISED_BANKED,0.005042503863987689,1.6
BTCUSDT,0.0046500000000000005,TP,0.006040096499483726,1.6
BTCUSDT,0.0009,BE_RAISED,0.0033312642777555586,1.6
BTCUSDT,0.0009,BE_RAISED,0.004410358164893688,1.6
XRPUSDT,0.0046500000000000005,TP,0.007371540073715392,1.6
ETHUSDT,0.0009,BE_RAISED,0.0033028909436599563,1.6
ETHUSDT,0.0009,BE_RAISED,0.0037359647519848416,1.6
BTCUSDT,0.0024000000000000002,BE_RAISED_BANKED,0.004770382369196412,1.6
NEARUSDT,-0.0256,MAE_KILL,0.0,1.6
BTCUSDT,0.0046500000000000005,TP,0.006351141611327988,1.6
NEARUSDT,0.0024000000000000002,BE_RAISED_BANKED,0.004657520376651697,1.6
XRPUSDT,0.0009,BE_RAISED,0.003973414246496215,1.6
BTCUSDT,0.0009,BE_RAISED,0.003018890938753181,1.6
NEARUSDT,0.0024000000000000002,BE_RAISED_BANKED,0.0045771245486447235,1.6
NEARUSDT,0.0046500000000000005,TP,0.007511927723073874,1.6
BTCUSDT,0.0046500000000000005,TP,0.006617069322464434,1.6
NEARUSDT,0.0009,BE_RAISED,0.003063980058163698,1.6
BTCUSDT,0.0009,BE_RAISED,0.003212423937367351,1.6
BTCUSDT,0.0024000000000000002,BE_RAISED_BANKED,0.005936653528101231,1.6
NEARUSDT,0.0009,BE_RAISED,0.00346056505345806,1.6
BTCUSDT,0.0024000000000000002,BE_RAISED_BANKED,0.005586434375766428,1.6
BTCUSDT,0.0024000000000000002,BE_RAISED_BANKED,0.004686849583990745,1.6
BTCUSDT,0.0009,BE_RAISED,0.0030264852742697274,1.6
XRPUSDT,0.0046500000000000005,TP,0.006719742896793585,1.6
BTCUSDT,0.0009,BE_RAISED,0.0032828890447496816,1.6
XRPUSDT,0.0024000000000000002,BE_RAISED_BANKED,0.00457483116694501,1.6
BTCUSDT,0.0024000000000000002,BE_RAISED_BANKED,0.005103100582368915,1.6
SOLUSDT,0.0046500000000000005,TP,0.00631368748715248,1.6
NEARUSDT,0.0046500000000000005,TP,0.006549243363929486,1.6
SOLUSDT,0.0046500000000000005,TP,0.006335306733610782,1.6
SOLUSDT,0.0046500000000000005,TP,0.0061486753657572155,1.6
BTCUSDT,-0.021570652459613014,MAX_AGE,0.002951939990699441,1.6
SOLUSDT,0.0024000000000000002,BE_RAISED_BANKED,0.004883642762520511,1.6
XRPUSDT,0.0024000000000000002,BE_RAISED_BANKED,0.004830564297738373,1.6
BTCUSDT,0.0046500000000000005,TP,0.006615073998147699,1.6
BTCUSDT,0.0046500000000000005,TP,0.006281327490919221,1.6
BTCUSDT,0.0046500000000000005,TP,0.007357496902106567,1.6
BTCUSDT,0.0046500000000000005,TP,0.006407150581604852,1.6
BTCUSDT,0.0046500000000000005,TP,0.006787157387171045,1.6
ETHUSDT,0.0046500000000000005,TP,0.006706155248115153,1.6
BTCUSDT,-0.03167300715776268,MAX_AGE,0.001439641846432415,1.6
SOLUSDT,0.0009,BE_RAISED,0.004463969389924209,1.6
BTCUSDT,0.0046500000000000005,TP,0.00785710666723813,1.6
SOLUSDT,0.0009,BE_RAISED,0.0036300585068087922,1.6
SOLUSDT,0.0024000000000000002,BE_RAISED_BANKED,0.004992101745716665,1.6
NEARUSDT,0.0046500000000000005,TP,0.007432998324958118,1.6
BTCUSDT,0.0046500000000000005,TP,0.006466167368804323,1.6
BTCUSDT,0.0009,BE_RAISED,0.0030254521341351722,1.6
BTCUSDT,0.0009,BE_RAISED,0.0036298793107245536,1.6
BTCUSDT,0.0046500000000000005,TP,0.006362114575203321,1.6
NEARUSDT,0.0046500000000000005,TP,0.007527504342790956,1.6
ETHUSDT,0.0046500000000000005,TP,0.006849088168552152,1.6
ETHUSDT,0.0009,BE_RAISED,0.003485429828333399,1.6
BTCUSDT,0.0009,BE_RAISED,0.004019139746278022,1.6
NEARUSDT,0.0024000000000000002,BE_RAISED_BANKED,0.004657563247591786,1.6
NEARUSDT,-0.0256,MAE_KILL,0.00021023862083462415,1.6
ETHUSDT,0.0046500000000000005,TP,0.006019887127116344,1.6
BTCUSDT,0.0046500000000000005,TP,0.006068215107763167,1.6
SOLUSDT,0.0046500000000000005,TP,0.006900656773034953,1.6
BTCUSDT,0.0009,BE_RAISED,0.0035582702491959183,1.6
BTCUSDT,0.0009,BE_RAISED,0.0038236669784846027,1.6
NEARUSDT,0.0009,BE_RAISED,0.0032677958716845514,1.6
BTCUSDT,0.0009,BE_RAISED,0.003125656855036397,1.6
SOLUSDT,0.0046500000000000005,TP,0.0060320168615446285,1.6
BTCUSDT,0.0046500000000000005,TP,0.006539940489518402,1.6
BTCUSDT,0.0009,BE_RAISED,0.0042354824963520615,1.6
BTCUSDT,0.0009,BE_RAISED,0.003292627069987641,1.6
NEARUSDT,0.0046500000000000005,TP,0.006113583954523557,1.6
BTCUSDT,0.0009,BE_RAISED,0.003150056904669459,1.6
XRPUSDT,0.0046500000000000005,TP,0.006541291905151208,1.6
BTCUSDT,0.0046500000000000005,TP,0.007279853495056015,1.6
BTCUSDT,0.0009,BE_RAISED,0.00443531656584234,1.6
SOLUSDT,0.0024000000000000002,BE_RAISED_BANKED,0.005815602836879413,1.6
BTCUSDT,0.0009,BE_RAISED,0.0036104376841062536,1.6
NEARUSDT,-0.0256,MAE_KILL,0.0023374415639608793,1.6
ETHUSDT,-0.040600000000000004,MAE_KILL,0.0014552845528454988,1.6
BTCUSDT,0.0046500000000000005,TP,0.0064287583435207,1.6
NEARUSDT,0.0046500000000000005,TP,0.006800130562506776,1.6
BTCUSDT,0.0009,BE_RAISED,0.003761309740851096,1.6
BTCUSDT,0.0024000000000000002,BE_RAISED_BANKED,0.004687473477909465,1.6
SOLUSDT,0.0009,BE_RAISED,0.0031030774745250374,1.6
NEARUSDT,0.0046500000000000005,TP,0.0064970221981591825,1.6
SOLUSDT,0.0009,BE_RAISED,0.003537711803927252,1.6
BTCUSDT,0.0009,BE_RAISED,0.004409743682018586,1.6
BTCUSDT,0.0009,BE_RAISED,0.004456892797254446,1.6
BTCUSDT,0.0024000000000000002,BE_RAISED_BANKED,0.00574472529768122,1.6
BTCUSDT,0.0024000000000000002,BE_RAISED_BANKED,0.005739472845869902,1.6
NEARUSDT,0.0046500000000000005,TP,0.006273661438615498,1.6
BTCUSDT,0.0046500000000000005,TP,0.0062794817835234926,1.6
NEARUSDT,0.0009,BE_RAISED,0.003317561320498175,1.6
NEARUSDT,-0.0256,MAE_KILL,0.0,1.6
ETHUSDT,0.0009,BE_RAISED,0.0034665836481586874,1.6
BTCUSDT,0.0046500000000000005,TP,0.006764435514837891,1.6
BTCUSDT,0.0024000000000000002,BE_RAISED_BANKED,0.005887048235564628,1.6
BTCUSDT,0.0024000000000000002,BE_RAISED_BANKED,0.005530315444754339,1.6
BTCUSDT,-0.022016372868886306,MAX_AGE,0.0011313690070625237,1.6
SOLUSDT,0.0046500000000000005,TP,0.0060903889475888056,1.6
BTCUSDT,0.0046500000000000005,TP,0.009152150464712227,1.6
BTCUSDT,0.0009,BE_RAISED,0.004196632671286362,1.6
ETHUSDT,0.0009,BE_RAISED,0.0032824573197554586,1.6
XRPUSDT,0.0009,BE_RAISED,0.003930989298973627,1.6
NEARUSDT,0.0009,BE_RAISED,0.0036336826583811188,1.6
NEARUSDT,0.0046500000000000005,TP,0.006248359149383051,1.6
SOLUSDT,-0.040600000000000004,MAE_KILL,0.0005735589331803575,1.6
BTCUSDT,0.0046500000000000005,TP,0.006688564744947914,1.6
ETHUSDT,0.0009,BE_RAISED,0.004342321760681658,1.6
XRPUSDT,-0.040600000000000004,MAE_KILL,0.0,1.6
NEARUSDT,0.0009,BE_RAISED,0.0037060235932770158,1.6
ETHUSDT,0.0024000000000000002,BE_RAISED_BANKED,0.004972804331498355,1.6
BTCUSDT,0.0009,BE_RAISED,0.004091402205058447,1.6
BTCUSDT,0.0046500000000000005,TP,0.006475659467398981,1.6
BTCUSDT,0.0046500000000000005,TP,0.00678720974495615,1.6
BTCUSDT,-0.040600000000000004,MAE_KILL,0.0013946800674575848,1.6
BTCUSDT,-0.040600000000000004,MAE_KILL,0.001597171246745356,1.6
NEARUSDT,0.0046500000000000005,TP,0.0066736183524505445,1.6
SOLUSDT,0.0046500000000000005,TP,0.007249350294077461,1.6
ETHUSDT,0.0046500000000000005,TP,0.0065174247188441925,1.6
BTCUSDT,-0.040600000000000004,MAE_KILL,0.0027764465651240427,1.6
BTCUSDT,0.0046500000000000005,TP,0.007556201127409218,1.6
ETHUSDT,0.0046500000000000005,TP,0.00970217617002216,1.6
BTCUSDT,0.0046500000000000005,TP,0.007843171697831565,1.6
BTCUSDT,0.0046500000000000005,TP,0.009364185383727994,1.6
SOLUSDT,0.0046500000000000005,TP,0.008449965520255542,1.6
SOLUSDT,-0.040600000000000004,MAE_KILL,0.00148929199058759,1.6
ETHUSDT,0.0046500000000000005,TP,0.009302400762942331,1.6
ETHUSDT,0.0046500000000000005,TP,0.007734579258255088,1.6
SOLUSDT,-0.040600000000000004,MAE_KILL,0.0024746862275331497,1.6
BTCUSDT,0.0046500000000000005,TP,0.0069209194348683455,1.6
BTCUSDT,0.0046500000000000005,TP,0.007459199326105152,1.6
NEARUSDT,0.0046500000000000005,TP,0.006938376933751384,1.6
BTCUSDT,0.0009,BE_RAISED,0.003432776446940058,1.6
BTCUSDT,0.0009,BE_RAISED,0.004093522289296961,1.6
BTCUSDT,0.0046500000000000005,TP,0.006499345470081685,1.6
BTCUSDT,0.0046500000000000005,TP,0.006278132702540009,1.6
SOLUSDT,0.0024000000000000002,BE_RAISED_BANKED,0.004587684275184222,1.6
ETHUSDT,0.0046500000000000005,TP,0.0067778811004937526,1.6
BTCUSDT,0.0046500000000000005,TP,0.00878967579227468,1.6
NEARUSDT,0.0046500000000000005,TP,0.006895502712569111,1.6
XRPUSDT,0.0009,BE_RAISED,0.003346537358284474,1.6
ETHUSDT,-0.040600000000000004,MAE_KILL,0.0001484811614526932,1.6
SOLUSDT,0.0046500000000000005,TP,0.006316571711667048,1.6
BTCUSDT,0.0046500000000000005,TP,0.006090279583514556,1.6
BTCUSDT,0.0024000000000000002,BE_RAISED_BANKED,0.005624309433097586,1.6
BTCUSDT,0.0024000000000000002,BE_RAISED_BANKED,0.005825020236031451,1.6
NEARUSDT,0.0009,BE_RAISED,0.0035633626097866422,1.6
XRPUSDT,0.0024000000000000002,BE_RAISED_BANKED,0.005877930421707293,1.6
BTCUSDT,0.0046500000000000005,TP,0.006334476100405988,1.6
NEARUSDT,0.0009,BE_RAISED,0.003740585351058915,1.6
ETHUSDT,0.0009,BE_RAISED,0.003287795702352866,1.6
ETHUSDT,0.0009,BE_RAISED,0.0033910597161231795,1.6
BTCUSDT,0.0046500000000000005,TP,0.0062091828155740655,1.6
BTCUSDT,0.0046500000000000005,TP,0.009071435406815896,1.6
BTCUSDT,0.0046500000000000005,TP,0.008863495303304318,1.6
NEARUSDT,0.0009,BE_RAISED,0.003928481490808375,1.6
XRPUSDT,0.0009,BE_RAISED,0.003968797043930496,1.6
NEARUSDT,-0.0256,MAE_KILL,0.0026348496147154277,1.6
XRPUSDT,0.0046500000000000005,TP,0.006011750239103647,1.6
SOLUSDT,0.0009,BE_RAISED,0.0038564083031803575,1.6
SOLUSDT,0.0046500000000000005,TP,0.006123850585676637,1.6
BTCUSDT,0.0046500000000000005,TP,0.006959250417702091,1.6
BTCUSDT,0.0046500000000000005,TP,0.006006537610932136,1.6
BTCUSDT,0.0046500000000000005,TP,0.006073740445628791,1.6
NEARUSDT,0.0009,BE_RAISED,0.0030287474332648954,1.6
XRPUSDT,0.0009944451588015945,BE_RAISED,0.004500450045004466,1.6
NEARUSDT,0.0046500000000000005,TP,0.006583346191431324,1.6
BTCUSDT,0.0009,BE_RAISED,0.0031520191812652145,1.6
BTCUSDT,0.0024000000000000002,BE_RAISED_BANKED,0.005878241015278778,1.6
BTCUSDT,0.0009,BE_RAISED,0.00417370418099399,1.6
SOLUSDT,0.0024000000000000002,BE_RAISED_BANKED,0.005822865351059002,1.6
BTCUSDT,0.0009,BE_RAISED,0.003038836453659291,1.6
BTCUSDT,0.0024000000000000002,BE_RAISED_BANKED,0.005704649517740532,1.6
BTCUSDT,0.0024000000000000002,BE_RAISED_BANKED,0.005894869883336943,1.6
BTCUSDT,0.0009,BE_RAISED,0.0033998181146867954,1.6
BTCUSDT,0.0024000000000000002,BE_RAISED_BANKED,0.004519501705472306,1.6
BTCUSDT,0.0024000000000000002,BE_RAISED_BANKED,0.004759155812289006,1.6
SOLUSDT,0.0024000000000000002,BE_RAISED_BANKED,0.004884192714092007,1.6
ETHUSDT,0.0046500000000000005,TP,0.013021963014733084,1.6
ETHUSDT,0.0046500000000000005,TP,0.014680230809638239,1.6
SOLUSDT,0.0046500000000000005,TP,0.02409952766857586,1.6
BTCUSDT,0.0046500000000000005,TP,0.011272493462225407,1.6
BTCUSDT,0.0024000000000000002,BE_RAISED_BANKED,0.005303404654840181,1.6
ETHUSDT,0.00147366041409166,BE_RAISED,0.006100816294925686,1.6
SOLUSDT,0.0018425477141339518,BE_RAISED,0.006708504652672602,1.6
BTCUSDT,0.0046500000000000005,TP,0.007129647471590305,1.6
BTCUSDT,0.0046500000000000005,TP,0.007386743890768759,1.6
ETHUSDT,0.0018836042084817521,BE_RAISED,0.00612000604646793,1.6
ETHUSDT,0.0009,BE_RAISED,0.0030054277127348947,1.6
BTCUSDT,0.0009,BE_RAISED,0.0032950277439572954,1.6
BTCUSDT,0.0046500000000000005,TP,0.006912054653455326,1.6
BTCUSDT,0.0046500000000000005,TP,0.007144653771662925,1.6
BTCUSDT,0.0024000000000000002,BE_RAISED_BANKED,0.005191669638435493,1.6
BTCUSDT,0.0024000000000000002,BE_RAISED_BANKED,0.005484918992256472,1.6
SOLUSDT,0.0009,BE_RAISED,0.003915303214099091,1.6
SOLUSDT,0.0046500000000000005,TP,0.006449389523434434,1.6
SOLUSDT,0.0024000000000000002,BE_RAISED_BANKED,0.005993386607881047,1.6
SOLUSDT,0.0024000000000000002,BE_RAISED_BANKED,0.005835006100680949,1.6
SOLUSDT,0.0024000000000000002,BE_RAISED_BANKED,0.0054986130510908445,1.6
SOLUSDT,0.0046500000000000005,TP,0.007271188775409846,1.6
NEARUSDT,-0.0256,MAE_KILL,0.0020756340808991,1.6
BTCUSDT,0.0009,BE_RAISED,0.0035264743952500093,1.6
SOLUSDT,0.0046500000000000005,TP,0.007615867873088632,1.6
BTCUSDT,0.0046500000000000005,TP,0.006000757193336699,1.6
ETHUSDT,0.0046500000000000005,TP,0.007696990248027807,1.6
BTCUSDT,0.0024000000000000002,BE_RAISED_BANKED,0.004964179935701049,1.6
BTCUSDT,0.0009,BE_RAISED,0.004294777203715206,1.6
BTCUSDT,0.0046500000000000005,TP,0.0063891825914864685,1.6
ETHUSDT,0.0009,BE_RAISED,0.004082408823505671,1.6
ETHUSDT,0.0009,BE_RAISED,0.0031745518220309484,1.6
BTCUSDT,-0.025979390191178845,MAX_AGE,0.0,1.6
BTCUSDT,-0.024562935239409334,MAX_AGE,0.00018224159609384316,1.6
BTCUSDT,0.0009,BE_RAISED,0.0043100646509698,1.6
BTCUSDT,-0.017370474513235312,MAX_AGE,0.0018977083510244997,1.6
ETHUSDT,0.0009,BE_RAISED,0.0039578578546402825,1.6
NEARUSDT,0.0046500000000000005,TP,0.007144482366325493,1.6
SOLUSDT,-0.040600000000000004,MAE_KILL,0.001986985246634572,1.6
NEARUSDT,0.0024000000000000002,BE_RAISED_BANKED,0.004671847625892701,1.6
BTCUSDT,0.0009,BE_RAISED,0.0035925832641005707,1.6
BTCUSDT,0.0009,BE_RAISED,0.003629054490955006,1.6
SOLUSDT,0.0009,BE_RAISED,0.003451504004690349,1.6
ETHUSDT,0.0046500000000000005,TP,0.007856825842359723,1.6
BTCUSDT,0.0009,BE_RAISED,0.004204211725955993,1.6
BTCUSDT,0.0024000000000000002,BE_RAISED_BANKED,0.004696575205287366,1.6
BTCUSDT,0.0024000000000000002,BE_RAISED_BANKED,0.004636769683738185,1.6
ETHUSDT,0.0009,BE_RAISED,0.004258848227950588,1.6
ETHUSDT,0.0046500000000000005,TP,0.00977389117787195,1.6
ETHUSDT,0.0009,BE_RAISED,0.004126896019114133,1.6
NEARUSDT,0.0066640133361116774,TP,0.010877266097103568,1.6
BTCUSDT,0.0046500000000000005,TP,0.00609718582730758,1.6
BTCUSDT,0.0046500000000000005,TP,0.007796469527962627,1.6
BTCUSDT,0.0009,BE_RAISED,0.004234265853023497,1.6
BTCUSDT,-0.011181560859515428,MAX_AGE,0.0010757899063504957,1.6
BTCUSDT,-0.008770530850120285,MAX_AGE,0.0021373368807804014,1.6
NEARUSDT,0.006231541820624774,TP,0.010119247564662509,1.6
BTCUSDT,0.0009,BE_RAISED,0.0030029275402379727,1.6
BTCUSDT,0.0009,BE_RAISED,0.0037795552430341917,1.6
BTCUSDT,0.0046500000000000005,TP,0.006442325401329957,1.6
BTCUSDT,0.0046500000000000005,TP,0.0063951152284854144,1.6
BTCUSDT,0.0009,BE_RAISED,0.004459375537781127,1.6
NEARUSDT,0.0046500000000000005,TP,0.006244864420706697,1.6
BTCUSDT,0.0046500000000000005,TP,0.006251758735154922,1.6
ETHUSDT,0.0046500000000000005,TP,0.006131112711415907,1.6
BTCUSDT,0.0009,BE_RAISED,0.0031147882219877054,1.6
BTCUSDT,0.0009,BE_RAISED,0.004005266857011812,1.6
NEARUSDT,0.0046500000000000005,TP,0.00710920062825489,1.6
BTCUSDT,0.0024000000000000002,BE_RAISED_BANKED,0.0049539401221588425,1.6
ETHUSDT,0.0024000000000000002,BE_RAISED_BANKED,0.004838064774090328,1.6
NEARUSDT,0.0009,BE_RAISED,0.0034268042960424526,1.6
ETHUSDT,0.0046500000000000005,TP,0.006217827633990856,1.6
BTCUSDT,0.0046500000000000005,TP,0.006420953165994833,1.6
BTCUSDT,0.0046500000000000005,TP,0.006324811028520122,1.6
BTCUSDT,0.0046500000000000005,TP,0.007688825740906062,1.6
BTCUSDT,0.0046500000000000005,TP,0.006462066048282358,1.6
BTCUSDT,0.0046500000000000005,TP,0.006012829216253963,1.6
SOLUSDT,0.0009,BE_RAISED,0.0034976762014279055,1.6
SOLUSDT,0.0024000000000000002,BE_RAISED_BANKED,0.004977314930030536,1.6
BTCUSDT,0.0009,BE_RAISED,0.003673546676765764,1.6
BTCUSDT,0.0009,BE_RAISED,0.004134927074119509,1.6
BTCUSDT,0.0024000000000000002,BE_RAISED_BANKED,0.004648605292297211,1.6
BTCUSDT,0.0009,BE_RAISED,0.0035977275113566773,1.6
NEARUSDT,0.0046500000000000005,TP,0.006103025905851213,1.6
SOLUSDT,0.0046500000000000005,TP,0.00696011136178187,1.6
XRPUSDT,0.0046500000000000005,TP,0.00829486439699947,1.6
NEARUSDT,-0.0256,MAE_KILL,0.0019488222335199042,1.6
NEARUSDT,0.0024000000000000002,BE_RAISED_BANKED,0.004630431019560296,1.6
SOLUSDT,0.0009,BE_RAISED,0.004394881028440957,1.6
ETHUSDT,0.0024000000000000002,BE_RAISED_BANKED,0.005287630979866602,1.6
ETHUSDT,0.0046500000000000005,TP,0.00626066009748694,1.6
BTCUSDT,0.0009,BE_RAISED,0.003179256488665443,1.6
BTCUSDT,0.0009,BE_RAISED,0.0036992553447034123,1.6
BTCUSDT,0.0009,BE_RAISED,0.003213230533514793,1.6
NEARUSDT,0.0046500000000000005,TP,0.009378407851690328,1.6
NEARUSDT,0.0046500000000000005,TP,0.006230256230256129,1.6
BTCUSDT,0.0024000000000000002,BE_RAISED_BANKED,0.005873907954397629,1.6
BTCUSDT,0.0009,BE_RAISED,0.003419138079118844,1.6
SOLUSDT,0.0046500000000000005,TP,0.006095153726902543,1.6
BTCUSDT,0.0024000000000000002,BE_RAISED_BANKED,0.0049237165335214075,1.6
BTCUSDT,0.0046500000000000005,TP,0.006130961164693506,1.6
ETHUSDT,0.0046500000000000005,TP,0.006775882668976117,1.6
SOLUSDT,0.0009,BE_RAISED,0.003592930666148811,1.6
BTCUSDT,0.0009,BE_RAISED,0.0032007780391838945,1.6
BTCUSDT,0.0009,BE_RAISED,0.0037573233544104553,1.6
NEARUSDT,0.0046500000000000005,TP,0.006014575467556434,1.6
ETHUSDT,0.0046500000000000005,TP,0.006658944980971561,1.6
BTCUSDT,0.0046500000000000005,TP,0.0060835439501124,1.6
NEARUSDT,0.0046500000000000005,TP,0.0067777340504612555,1.6
BTCUSDT,0.0046500000000000005,TP,0.006232581321073259,1.6
BTCUSDT,0.0009,BE_RAISED,0.0037873090092316935,1.6
NEARUSDT,0.0024000000000000002,BE_RAISED_BANKED,0.004833002502804718,1.6
SOLUSDT,0.0046500000000000005,TP,0.0061763763316597135,1.6
NEARUSDT,0.0046500000000000005,TP,0.007746266729784307,1.6
BTCUSDT,0.0046500000000000005,TP,0.007106360785843932,1.6
BTCUSDT,0.0009,BE_RAISED,0.00312317026548845,1.6
ETHUSDT,0.0046500000000000005,TP,0.006267093913352989,1.6
ETHUSDT,0.0046500000000000005,TP,0.007698894881878499,1.6
BTCUSDT,0.0046500000000000005,TP,0.006560545837413673,1.6
XRPUSDT,0.0046500000000000005,TP,0.00760347177390443,1.6
XRPUSDT,0.0009,BE_RAISED,0.004346586860481684,1.6
BTCUSDT,0.0046500000000000005,TP,0.006238111115795374,1.6
XRPUSDT,-0.040600000000000004,MAE_KILL,0.0025243418680130246,1.6
SOLUSDT,0.0024000000000000002,BE_RAISED_BANKED,0.005831325301204858,1.6
SOLUSDT,0.0046500000000000005,TP,0.007218030659810705,1.6
ETHUSDT,0.0024000000000000002,BE_RAISED_BANKED,0.005718051442371451,1.6
ETHUSDT,0.0009,BE_RAISED,0.0030774181869381062,1.6
XRPUSDT,0.0046500000000000005,TP,0.00736170511112666,1.6
ETHUSDT,0.0024000000000000002,BE_RAISED_BANKED,0.0045570834665814245,1.6
BTCUSDT,-0.00812220273183316,MAX_AGE,0.0025170206305350717,1.6
BTCUSDT,0.0046500000000000005,TP,0.006549525632109697,1.6
BTCUSDT,-0.006302333194221469,MAX_AGE,0.0013297089052899584,1.6
BTCUSDT,0.0024000000000000002,BE_RAISED_BANKED,0.0054939832328954625,1.6
XRPUSDT,0.0046500000000000005,TP,0.00614997553987011,1.6
ETHUSDT,0.0024000000000000002,BE_RAISED_BANKED,0.005519257496126201,1.6
XRPUSDT,0.0024000000000000002,BE_RAISED_BANKED,0.0047442963789855,1.6
SOLUSDT,0.0024000000000000002,BE_RAISED_BANKED,0.004912502030946811,1.6
NEARUSDT,0.0046500000000000005,TP,0.008614976805831648,1.6
NEARUSDT,0.004788973902973659,TP,0.008602506307125989,1.6
XRPUSDT,0.0009,BE_RAISED,0.004099784587589477,1.6
BTCUSDT,0.0046500000000000005,TP,0.006942224367536177,1.6
BTCUSDT,0.0009,BE_RAISED,0.004442999976065458,1.6
BTCUSDT,0.0024000000000000002,BE_RAISED_BANKED,0.004593594166160681,1.6
XRPUSDT,0.0046500000000000005,TP,0.006041247135615534,1.6
BTCUSDT,0.0024000000000000002,BE_RAISED_BANKED,0.005813931486683639,1.6
NEARUSDT,0.0046500000000000005,TP,0.006038351693186514,1.6
SOLUSDT,0.0046500000000000005,TP,0.006284058638421993,1.6
NEARUSDT,0.0046500000000000005,TP,0.006810256410256389,1.6
BTCUSDT,0.0046500000000000005,TP,0.006359624563200609,1.6
BTCUSDT,0.0046500000000000005,TP,0.00673333333333337,1.6
ETHUSDT,0.0046500000000000005,TP,0.006503101386714205,1.6
NEARUSDT,0.0024000000000000002,BE_RAISED_BANKED,0.004817374136229018,1.6
BTCUSDT,0.0009,BE_RAISED,0.0032205119892202497,1.6
BTCUSDT,0.0009,BE_RAISED,0.0034552526424009027,1.6
BTCUSDT,0.0009,BE_RAISED,0.0037567195029182027,1.6
BTCUSDT,0.0024000000000000002,BE_RAISED_BANKED,0.004551766702669268,1.6
BTCUSDT,0.0024000000000000002,BE_RAISED_BANKED,0.004868927116548173,1.6
NEARUSDT,0.0046500000000000005,TP,0.010380895993684622,1.6
BTCUSDT,0.0046500000000000005,TP,0.00626263522462981,1.6
SOLUSDT,0.0046500000000000005,TP,0.006192667187545175,1.6
BTCUSDT,0.0046500000000000005,TP,0.0060678228043728865,1.6
NEARUSDT,0.003137601960709212,BE_RAISED_BANKED,0.0071994791866120894,1.6
BTCUSDT,0.0046500000000000005,TP,0.006317920172053819,1.6
BTCUSDT,0.0046500000000000005,TP,0.006641390237358684,1.6
NEARUSDT,0.0046500000000000005,TP,0.00747900126567708,1.6
BTCUSDT,0.0009,BE_RAISED,0.003498296848634465,1.6
BTCUSDT,0.0009,BE_RAISED,0.0037829129816565384,1.6
BTCUSDT,0.0009,BE_RAISED,0.004416180218488651,1.6
SOLUSDT,0.0046500000000000005,TP,0.00860441718967083,1.6
SOLUSDT,0.0009,BE_RAISED,0.00429205200504266,1.6
BTCUSDT,0.0046500000000000005,TP,0.007259790776076651,1.6
BTCUSDT,0.0046500000000000005,TP,0.006040894536469721,1.6
BTCUSDT,0.0009,BE_RAISED,0.004482221363655876,1.6
BTCUSDT,0.0009,BE_RAISED,0.003657127543113184,1.6
XRPUSDT,0.0009,BE_RAISED,0.003220611916264202,1.6
BTCUSDT,0.0046500000000000005,TP,0.006263050661909336,1.6
BTCUSDT,0.0046500000000000005,TP,0.0066431591293091875,1.6
BTCUSDT,0.0046500000000000005,TP,0.007457035476411956,1.6
BTCUSDT,0.0046500000000000005,TP,0.007594243188263202,1.6
ETHUSDT,0.0009,BE_RAISED,0.004310119743401084,1.6
ETHUSDT,0.0024000000000000002,BE_RAISED_BANKED,0.004653964302206393,1.6
SOLUSDT,0.0046500000000000005,TP,0.006762739736691097,1.6
BTCUSDT,0.0046500000000000005,TP,0.006475917601900282,1.6
BTCUSDT,0.0046500000000000005,TP,0.006051681949785507,1.6
BTCUSDT,0.0009,BE_RAISED,0.004076506609964776,1.6
BTCUSDT,0.0009,BE_RAISED,0.004026931299658572,1.6
ETHUSDT,0.0024000000000000002,BE_RAISED_BANKED,0.005582047233946631,1.6
BTCUSDT,0.0009,BE_RAISED,0.004449926237635624,1.6
XRPUSDT,0.0046500000000000005,TP,0.008069653854321566,1.6
BTCUSDT,0.0046500000000000005,TP,0.006216706429353198,1.6
BTCUSDT,0.0009,BE_RAISED,0.003000641991885009,1.6
ETHUSDT,0.0046500000000000005,TP,0.008080203501421525,1.6
BTCUSDT,0.0009,BE_RAISED,0.0034685660402948063,1.6
BTCUSDT,0.0009,BE_RAISED,0.0044277197754439765,1.6
BTCUSDT,0.0009,BE_RAISED,0.0038840439586298433,1.6
BTCUSDT,0.0009,BE_RAISED,0.004245711779964559,1.6
BTCUSDT,0.0024000000000000002,BE_RAISED_BANKED,0.005058504930764907,1.6
XRPUSDT,0.0009,BE_RAISED,0.003285948996356838,1.6
SOLUSDT,0.0009,BE_RAISED,0.003974508325909601,1.6
NEARUSDT,0.0046500000000000005,TP,0.006332992849846721,1.6
BTCUSDT,0.0024000000000000002,BE_RAISED_BANKED,0.005735827045115384,1.6
BTCUSDT,0.0009,BE_RAISED,0.003384365588313668,1.6
ETHUSDT,0.0009,BE_RAISED,0.003884682845418847,1.6
ETHUSDT,0.0024000000000000002,BE_RAISED_BANKED,0.00470678855938221,1.6
BTCUSDT,0.0009,BE_RAISED,0.003921889461008683,1.6
BTCUSDT,0.0009,BE_RAISED,0.004275743271390745,1.6
NEARUSDT,0.0009,BE_RAISED,0.0037243185724810134,1.6
BTCUSDT,0.0009,BE_RAISED,0.0031731918937976385,1.6
BTCUSDT,0.0009,BE_RAISED,0.0033603266799716864,1.6
ETHUSDT,0.0009,BE_RAISED,0.0031798365232711292,1.6
BTCUSDT,0.0009,BE_RAISED,0.0038124576836323157,1.6
XRPUSDT,0.0009,BE_RAISED,0.0038369651777311825,1.6
NEARUSDT,0.004973076603867545,TP,0.008382438376628764,1.6
NEARUSDT,0.0046500000000000005,TP,0.007929221267005961,1.6
BTCUSDT,0.0009,BE_RAISED,0.00365486479309404,1.6
BTCUSDT,0.0046500000000000005,TP,0.0062962420429635005,1.6
ETHUSDT,0.0046500000000000005,TP,0.007517269402681837,1.6
NEARUSDT,0.0009,BE_RAISED,0.003859721934011241,1.6
SOLUSDT,0.0046500000000000005,TP,0.006929161958008664,1.6
BTCUSDT,0.0046500000000000005,TP,0.006765994288446455,1.6
BTCUSDT,0.0046500000000000005,TP,0.006015273632034563,1.6
NEARUSDT,0.0009643888217307842,BE_RAISED,0.00365024058403846,1.6
BTCUSDT,0.0009,BE_RAISED,0.0033137937803639087,1.6
BTCUSDT,0.0024000000000000002,BE_RAISED_BANKED,0.004553557864722808,1.6
SOLUSDT,0.0009,BE_RAISED,0.003845261043771386,1.6
BTCUSDT,0.0009,BE_RAISED,0.0032831484965336224,1.6
SOLUSDT,0.0024000000000000002,BE_RAISED_BANKED,0.005122837387654872,1.6
NEARUSDT,0.0046500000000000005,TP,0.0074021707489498965,1.6
SOLUSDT,0.0009,BE_RAISED,0.0031585406335188273,1.6
ETHUSDT,0.0046500000000000005,TP,0.0061648467654141035,1.6
BTCUSDT,0.0009,BE_RAISED,0.004064565558975158,1.6
NEARUSDT,0.0024000000000000002,BE_RAISED_BANKED,0.00522483235282024,1.6
BTCUSDT,0.0009,BE_RAISED,0.003074849471315321,1.6
BTCUSDT,0.0009,BE_RAISED,0.0032509887561343914,1.6
XRPUSDT,0.0046500000000000005,TP,0.008111929746223049,1.6
BTCUSDT,0.0009,BE_RAISED,0.003245296407216909,1.6
BTCUSDT,0.0024000000000000002,BE_RAISED_BANKED,0.005970731707317073,1.6
SOLUSDT,0.0046500000000000005,TP,0.006261343012704124,1.6
NEARUSDT,0.0046500000000000005,TP,0.006660673422687054,1.6
BTCUSDT,0.0009,BE_RAISED,0.0036563403145230614,1.6
ETHUSDT,0.0046500000000000005,TP,0.0064774930438945486,1.6
BTCUSDT,-0.032405120824484844,EOD,0.0020418381827514735,1.6
BTCUSDT,-0.03277283261273619,EOD,0.0016612716210540816,1.6
BTCUSDT,-0.017851925358287116,EOD,0.0028208366481462053,1.6
BTCUSDT,-0.018785970203330754,EOD,0.0018677138111311937,1.6
BTCUSDT,-0.018590531970549506,EOD,0.0018030088427822596,1.6
BTCUSDT,-0.005391179574186339,EOD,0.0017729304173303788,1.6
BTCUSDT,-0.0045802228194224155,EOD,0.001900748819370119,1.6
SOLUSDT,-0.0006907075186454378,EOD,0.00022172949002222908,1.6
