pair,ts,net_frac,exit_type,balance_after,hold_min,slots_at_entry,regime
NEARUSDT,2026-08-14 23:50:00+00:00,0.004600000000000001,TP,10.1518,20.0,3,
NEARUSDT,2026-08-15 00:09:00+00:00,0.004600000000000001,TP,10.3036,17.0,3,
NEARUSDT,2026-08-15 00:23:00+00:00,0.0013000000000000002,BE_STOP,10.346499999999999,13.0,3,
BTCUSDT,2026-08-15 03:26:00+00:00,0.0013000000000000002,BE_STOP,10.389399999999998,241.0,2,
BTCUSDT,2026-08-15 03:35:00+00:00,0.0013000000000000002,BE_STOP,10.432299999999998,258.0,1,
NEARUSDT,2026-08-15 05:24:00+00:00,0.004600000000000001,TP,10.584099999999998,109.0,3,
NEARUSDT,2026-08-15 05:39:00+00:00,0.0013000000000000002,BE_STOP,10.626999999999997,14.0,3,CHOP
SOLUSDT,2026-08-15 09:30:00+00:00,0.0013000000000000002,BE_STOP,10.669899999999997,546.0,3,
NEARUSDT,2026-08-15 23:14:00+00:00,0.0013000000000000002,BE_STOP,10.712799999999996,1055.0,3,CHOP
BTCUSDT,2026-08-16 16:30:00+00:00,0.004600000000000001,TP,10.864599999999996,1857.0,3,CHOP
BTCUSDT,2026-08-16 21:40:00+00:00,0.004600000000000001,TP,11.016399999999996,1344.0,3,CHOP
BTCUSDT,2026-08-16 21:47:00+00:00,0.0013000000000000002,BE_STOP,11.059299999999995,2541.0,3,
NEARUSDT,2026-08-16 21:59:00+00:00,-0.0264,MAE_KILL,10.188099999999995,329.0,3,CHOP
XRPUSDT,2026-08-16 22:42:00+00:00,0.0013000000000000002,BE_STOP,10.230999999999995,62.0,3,CHOP
BTCUSDT,2026-08-16 22:44:00+00:00,0.0013000000000000002,BE_STOP,10.273899999999994,57.0,3,TREND
ETHUSDT,2026-08-17 01:01:00+00:00,0.004600000000000001,TP,10.425699999999994,132.0,3,CHOP
BTCUSDT,2026-08-17 02:52:00+00:00,0.004600000000000001,TP,10.577499999999993,110.0,3,CHOP
BTCUSDT,2026-08-17 06:11:00+00:00,0.0013000000000000002,BE_STOP,10.620399999999993,197.0,3,CHOP
BTCUSDT,2026-08-17 11:50:00+00:00,0.0013000000000000002,BE_STOP,10.663299999999992,339.0,3,TREND
NEARUSDT,2026-08-17 18:09:00+00:00,-0.0264,MAE_KILL,9.792099999999992,378.0,3,CHOP
BTCUSDT,2026-08-18 22:01:00+00:00,-0.028554714242977803,MAX_AGE,8.849794429981724,2880.0,3,TREND
BTCUSDT,2026-08-18 22:44:00+00:00,-0.030789553779681178,MAX_AGE,7.833739155252245,2880.0,2,TREND
BTCUSDT,2026-08-19 01:53:00+00:00,0.0013000000000000002,BE_STOP,7.876639155252246,231.0,2,CHOP
NEARUSDT,2026-08-19 02:28:00+00:00,0.0013000000000000002,BE_STOP,7.879320405252246,35.0,2,CHOP
BTCUSDT,2026-08-19 13:03:00+00:00,0.0013000000000000002,BE_STOP,7.882001655252246,859.0,2,CHOP
ETHUSDT,2026-08-19 15:04:00+00:00,-0.0414,MAE_KILL,7.796614155252246,756.0,2,CHOP
BTCUSDT,2026-08-19 15:22:00+00:00,0.004600000000000001,TP,7.806101655252245,15.0,2,TREND
NEARUSDT,2026-08-19 15:26:00+00:00,-0.0264,MAE_KILL,7.751651655252245,143.0,2,CHOP
BTCUSDT,2026-08-19 15:26:00+00:00,0.004600000000000001,TP,7.761139155252245,1.0,2,TREND
BTCUSDT,2026-08-19 15:35:00+00:00,0.00977212520505511,TP,7.781294163487671,5.0,2,TREND
BTCUSDT,2026-08-19 15:54:00+00:00,0.0013000000000000002,BE_STOP,7.7839754134876715,19.0,2,TREND
XRPUSDT,2026-08-19 15:59:00+00:00,0.0013000000000000002,BE_STOP,7.786656663487672,5.0,2,TREND
ETHUSDT,2026-08-19 16:02:00+00:00,0.004600000000000001,TP,7.796144163487671,3.0,2,TREND
BTCUSDT,2026-08-19 16:06:00+00:00,0.0013000000000000002,BE_STOP,7.7988254134876716,4.0,2,TREND
ETHUSDT,2026-08-19 16:12:00+00:00,0.0013000000000000002,BE_STOP,7.801506663487672,44.0,1,TREND
BTCUSDT,2026-08-19 16:31:00+00:00,0.0013000000000000002,BE_STOP,7.804187913487672,25.0,2,TREND
SOLUSDT,2026-08-19 17:14:00+00:00,0.004600000000000001,TP,7.813675413487672,61.0,2,TREND
BTCUSDT,2026-08-19 17:28:00+00:00,0.004600000000000001,TP,7.823162913487671,13.0,2,TREND
BTCUSDT,2026-08-19 20:50:00+00:00,0.004600000000000001,TP,7.832650413487671,258.0,2,TREND
ETHUSDT,2026-08-19 20:50:00+00:00,-0.0414,MAE_KILL,7.7472629134876705,202.0,2,TREND
XRPUSDT,2026-08-19 20:54:00+00:00,0.004600000000000001,TP,7.75675041348767,3.0,1,CHOP
NEARUSDT,2026-08-19 21:01:00+00:00,0.0013000000000000002,BE_STOP,7.75943166348767,5.0,2,CHOP
BTCUSDT,2026-08-19 21:06:00+00:00,0.004600000000000001,TP,7.76891916348767,12.0,1,CHOP
BTCUSDT,2026-08-19 21:06:00+00:00,0.004600000000000001,TP,7.77840666348767,4.0,2,CHOP
BTCUSDT,2026-08-19 21:25:00+00:00,0.0013000000000000002,BE_STOP,7.78108791348767,17.0,1,CHOP
BTCUSDT,2026-08-19 21:25:00+00:00,0.0013000000000000002,BE_STOP,7.78376916348767,15.0,2,CHOP
NEARUSDT,2026-08-19 21:29:00+00:00,0.0013000000000000002,BE_STOP,7.78645041348767,3.0,1,TREND
BTCUSDT,2026-08-19 21:47:00+00:00,0.004600000000000001,TP,7.79593791348767,18.0,1,CHOP
BTCUSDT,2026-08-19 21:48:00+00:00,0.0013000000000000002,BE_STOP,7.79861916348767,17.0,2,CHOP
BTCUSDT,2026-08-20 07:11:00+00:00,0.0013000000000000002,BE_STOP,7.80130041348767,564.0,2,CHOP
BTCUSDT,2026-08-20 07:11:00+00:00,0.0013000000000000002,BE_STOP,7.80398166348767,561.0,2,CHOP
SOLUSDT,2026-08-20 08:04:00+00:00,0.0013000000000000002,BE_STOP,7.806662913487671,51.0,2,CHOP
NEARUSDT,2026-08-20 08:09:00+00:00,0.004600000000000001,TP,7.81615041348767,58.0,1,CHOP
BTCUSDT,2026-08-20 08:09:00+00:00,0.004600000000000001,TP,7.82563791348767,1.0,2,CHOP
ETHUSDT,2026-08-20 08:16:00+00:00,0.0013000000000000002,BE_STOP,7.82831916348767,5.0,1,CHOP
BTCUSDT,2026-08-20 08:17:00+00:00,0.004600000000000001,TP,7.83780666348767,1.0,2,TREND
BTCUSDT,2026-08-20 08:19:00+00:00,0.0013000000000000002,BE_STOP,7.84048791348767,5.0,2,CHOP
BTCUSDT,2026-08-20 08:41:00+00:00,0.0013000000000000002,BE_STOP,7.84316916348767,23.0,2,TREND
BTCUSDT,2026-08-20 08:47:00+00:00,0.005167838339266931,TP,7.853827830062408,27.0,2,TREND
BTCUSDT,2026-08-20 08:59:00+00:00,0.0013000000000000002,BE_STOP,7.856509080062408,18.0,2,TREND
ETHUSDT,2026-08-20 09:08:00+00:00,0.0013000000000000002,BE_STOP,7.859190330062408,9.0,2,CHOP
ETHUSDT,2026-08-20 09:14:00+00:00,0.004600000000000001,TP,7.868677830062408,6.0,2,CHOP
XRPUSDT,2026-08-20 10:21:00+00:00,0.0013000000000000002,BE_STOP,7.871359080062408,67.0,2,TREND
BTCUSDT,2026-08-20 15:05:00+00:00,0.0013000000000000002,BE_STOP,7.874040330062408,284.0,2,TREND
BTCUSDT,2026-08-20 15:31:00+00:00,0.004600000000000001,TP,7.883527830062408,26.0,2,CHOP
BTCUSDT,2026-08-20 17:00:00+00:00,0.0013000000000000002,BE_STOP,7.886209080062408,88.0,2,CHOP
BTCUSDT,2026-08-20 17:54:00+00:00,0.0013000000000000002,BE_STOP,7.8888903300624085,54.0,2,CHOP
SOLUSDT,2026-08-21 00:18:00+00:00,0.004600000000000001,TP,7.898377830062408,931.0,2,TREND
SOLUSDT,2026-08-21 00:18:00+00:00,0.004600000000000001,TP,7.907865330062408,384.0,2,CHOP
BTCUSDT,2026-08-21 00:30:00+00:00,0.0013000000000000002,BE_STOP,7.910546580062408,11.0,1,CHOP
SOLUSDT,2026-08-21 00:33:00+00:00,0.0013000000000000002,BE_STOP,7.913227830062408,3.0,2,CHOP
XRPUSDT,2026-08-21 01:05:00+00:00,0.0013000000000000002,BE_STOP,7.915909080062408,44.0,2,TREND
BTCUSDT,2026-08-21 01:16:00+00:00,0.004600000000000001,TP,7.925396580062408,43.0,2,TREND
BTCUSDT,2026-08-21 01:18:00+00:00,0.004600000000000001,TP,7.934884080062408,13.0,2,CHOP
ETHUSDT,2026-08-21 01:18:00+00:00,0.004600000000000001,TP,7.944371580062407,1.0,2,CHOP
BTCUSDT,2026-08-21 01:26:00+00:00,0.0013000000000000002,BE_STOP,7.9470528300624075,5.0,2,TREND
BTCUSDT,2026-08-21 01:31:00+00:00,0.004600000000000001,TP,7.956540330062407,5.0,2,TREND
SOLUSDT,2026-08-21 01:47:00+00:00,0.004600000000000001,TP,7.966027830062407,28.0,1,CHOP
BTCUSDT,2026-08-21 01:47:00+00:00,0.004600000000000001,TP,7.975515330062406,14.0,2,TREND
BTCUSDT,2026-08-21 01:53:00+00:00,0.0013000000000000002,BE_STOP,7.978196580062407,5.0,1,TREND
BTCUSDT,2026-08-21 06:37:00+00:00,0.0013000000000000002,BE_STOP,7.980877830062407,284.0,2,TREND
BTCUSDT,2026-08-21 06:42:00+00:00,0.0013000000000000002,BE_STOP,7.983559080062407,292.0,2,TREND
SOLUSDT,2026-08-21 06:48:00+00:00,0.0013000000000000002,BE_STOP,7.986240330062407,5.0,2,CHOP
ETHUSDT,2026-08-21 06:49:00+00:00,0.004600000000000001,TP,7.995727830062407,12.0,2,CHOP
XRPUSDT,2026-08-21 07:01:00+00:00,0.0013000000000000002,BE_STOP,7.998409080062407,13.0,2,CHOP
BTCUSDT,2026-08-21 07:03:00+00:00,0.0013000000000000002,BE_STOP,8.001090330062407,2.0,2,CHOP
ETHUSDT,2026-08-21 07:15:00+00:00,0.004600000000000001,TP,8.010577830062408,25.0,2,CHOP
BTCUSDT,2026-08-21 07:15:00+00:00,0.004600000000000001,TP,8.020065330062408,12.0,2,CHOP
ETHUSDT,2026-08-21 07:18:00+00:00,0.0013000000000000002,BE_STOP,8.022746580062408,3.0,1,CHOP
BTCUSDT,2026-08-21 07:44:00+00:00,0.0013000000000000002,BE_STOP,8.025427830062409,27.0,2,TREND
BTCUSDT,2026-08-21 07:45:00+00:00,0.0013000000000000002,BE_STOP,8.028109080062409,26.0,2,TREND
XRPUSDT,2026-08-21 08:02:00+00:00,0.004600000000000001,TP,8.03759658006241,16.0,2,CHOP
XRPUSDT,2026-08-21 08:06:00+00:00,0.0013000000000000002,BE_STOP,8.04027783006241,3.0,2,CHOP
BTCUSDT,2026-08-21 08:10:00+00:00,0.0013000000000000002,BE_STOP,8.04295908006241,26.0,2,CHOP
BTCUSDT,2026-08-21 08:12:00+00:00,0.004600000000000001,TP,8.05244658006241,6.0,2,TREND
BTCUSDT,2026-08-21 08:14:00+00:00,0.004600000000000001,TP,8.06193408006241,4.0,2,TREND
XRPUSDT,2026-08-21 08:17:00+00:00,0.005740734451284253,TP,8.073774344868184,4.0,2,CHOP
SOLUSDT,2026-08-21 08:25:00+00:00,0.004600000000000001,TP,8.083261844868185,9.0,2,CHOP
BTCUSDT,2026-08-21 08:27:00+00:00,0.0013000000000000002,BE_STOP,8.085943094868185,8.0,2,TREND
BTCUSDT,2026-08-21 08:33:00+00:00,0.004600000000000001,TP,8.095430594868185,5.0,2,TREND
BTCUSDT,2026-08-21 08:35:00+00:00,0.004600000000000001,TP,8.104918094868186,9.0,2,TREND
SOLUSDT,2026-08-21 08:38:00+00:00,0.004600000000000001,TP,8.114405594868186,5.0,2,CHOP
XRPUSDT,2026-08-21 08:42:00+00:00,0.0013000000000000002,BE_STOP,8.117086844868187,7.0,2,TREND
BTCUSDT,2026-08-21 08:47:00+00:00,0.004600000000000001,TP,8.126574344868187,9.0,2,TREND
SOLUSDT,2026-08-21 08:47:00+00:00,0.004600000000000001,TP,8.136061844868188,5.0,2,CHOP
BTCUSDT,2026-08-21 08:51:00+00:00,0.004600000000000001,TP,8.145549344868188,2.0,1,TREND
NEARUSDT,2026-08-21 08:57:00+00:00,0.004600000000000001,TP,8.155036844868189,6.0,1,TREND
XRPUSDT,2026-08-21 09:00:00+00:00,0.005135773300627145,TP,8.165629377300732,3.0,2,TREND
ETHUSDT,2026-08-21 09:01:00+00:00,0.0013000000000000002,BE_STOP,8.168310627300732,8.0,2,TREND
ETHUSDT,2026-08-21 09:07:00+00:00,0.00569296984239893,TP,8.18005237760068,3.0,2,TREND
SOLUSDT,2026-08-21 11:34:00+00:00,0.0067596708957899645,TP,8.193994198823246,147.0,2,TREND
BTCUSDT,2026-08-21 12:03:00+00:00,0.0013000000000000002,BE_STOP,8.196675448823246,28.0,2,CHOP
BTCUSDT,2026-08-21 13:35:00+00:00,0.004600000000000001,TP,8.206162948823247,92.0,2,CHOP
XRPUSDT,2026-08-21 13:37:00+00:00,0.005936269766770164,TP,8.21840650521721,2.0,2,CHOP
BTCUSDT,2026-08-23 05:14:00+00:00,0.004600000000000001,TP,8.22789400521721,2377.0,2,CHOP
BTCUSDT,2026-08-23 05:17:00+00:00,-0.0414,MAE_KILL,8.142506505217211,2657.0,2,TREND
BTCUSDT,2026-08-23 05:17:00+00:00,0.004600000000000001,TP,8.151994005217212,2.0,2,CHOP
ETHUSDT,2026-08-23 13:18:00+00:00,-0.0414,MAE_KILL,8.066606505217212,481.0,1,TREND
BTCUSDT,2026-08-23 21:22:00+00:00,0.004600000000000001,TP,8.076094005217213,482.0,2,TREND
BTCUSDT,2026-08-24 11:37:00+00:00,0.004600000000000001,TP,8.085581505217213,855.0,2,CHOP
BTCUSDT,2026-08-24 12:34:00+00:00,0.0013000000000000002,BE_STOP,8.088262755217213,56.0,2,CHOP
BTCUSDT,2026-08-24 12:50:00+00:00,0.004600000000000001,TP,8.097750255217214,14.0,2,CHOP
BTCUSDT,2026-08-24 12:51:00+00:00,-0.0414,MAE_KILL,8.012362755217215,1892.0,2,TREND
SOLUSDT,2026-08-24 12:53:00+00:00,0.0013000000000000002,BE_STOP,8.015044005217215,3.0,2,CHOP
BTCUSDT,2026-08-24 12:59:00+00:00,0.0013000000000000002,BE_STOP,8.017725255217215,7.0,2,TREND
BTCUSDT,2026-08-24 13:14:00+00:00,0.0013000000000000002,BE_STOP,8.020406505217215,14.0,2,TREND
BTCUSDT,2026-08-24 14:24:00+00:00,0.0013000000000000002,BE_STOP,8.023087755217215,70.0,2,TREND
NEARUSDT,2026-08-24 14:26:00+00:00,0.004600000000000001,TP,8.032575255217216,2.0,2,CHOP
BTCUSDT,2026-08-24 14:32:00+00:00,0.004600000000000001,TP,8.042062755217216,5.0,2,CHOP
BTCUSDT,2026-08-24 14:34:00+00:00,0.0013000000000000002,BE_STOP,8.044744005217217,2.0,2,TREND
SOLUSDT,2026-08-24 14:43:00+00:00,0.0013000000000000002,BE_STOP,8.047425255217217,107.0,2,CHOP
SOLUSDT,2026-08-24 14:48:00+00:00,0.0013000000000000002,BE_STOP,8.050106505217217,5.0,2,CHOP
SOLUSDT,2026-08-24 15:22:00+00:00,0.004600000000000001,TP,8.059594005217217,34.0,2,CHOP
BTCUSDT,2026-08-24 15:37:00+00:00,0.0013000000000000002,BE_STOP,8.062275255217218,63.0,2,TREND
ETHUSDT,2026-08-24 15:43:00+00:00,0.004600000000000001,TP,8.071762755217218,4.0,2,CHOP
BTCUSDT,2026-08-24 15:57:00+00:00,0.004600000000000001,TP,8.081250255217219,13.0,2,CHOP
BTCUSDT,2026-08-24 17:04:00+00:00,0.0013000000000000002,BE_STOP,8.083931505217219,66.0,2,CHOP
BTCUSDT,2026-08-24 17:27:00+00:00,0.0013000000000000002,BE_STOP,8.08661275521722,23.0,2,CHOP
BTCUSDT,2026-08-24 17:32:00+00:00,0.0013000000000000002,BE_STOP,8.08929400521722,5.0,2,CHOP
NEARUSDT,2026-08-24 17:35:00+00:00,0.004600000000000001,TP,8.09878150521722,3.0,2,CHOP
BTCUSDT,2026-08-25 02:17:00+00:00,0.004600000000000001,TP,8.10826900521722,654.0,2,CHOP
BTCUSDT,2026-08-25 02:44:00+00:00,0.0013000000000000002,BE_STOP,8.11095025521722,25.0,2,CHOP
BTCUSDT,2026-08-25 03:58:00+00:00,0.0013000000000000002,BE_STOP,8.11363150521722,66.0,2,TREND
BTCUSDT,2026-08-25 04:33:00+00:00,0.0013000000000000002,BE_STOP,8.116312755217221,35.0,2,TREND
SOLUSDT,2026-08-25 04:59:00+00:00,0.0013000000000000002,BE_STOP,8.118994005217221,24.0,2,CHOP
BTCUSDT,2026-08-25 05:16:00+00:00,0.0013000000000000002,BE_STOP,8.121675255217221,16.0,2,CHOP
BTCUSDT,2026-08-25 05:30:00+00:00,0.0013000000000000002,BE_STOP,8.124356505217222,14.0,2,TREND
ETHUSDT,2026-08-25 06:25:00+00:00,0.0013000000000000002,BE_STOP,8.127037755217222,55.0,2,CHOP
BTCUSDT,2026-08-25 13:51:00+00:00,0.004600000000000001,TP,8.136525255217222,1216.0,2,CHOP
BTCUSDT,2026-08-25 21:12:00+00:00,0.0013000000000000002,BE_STOP,8.139206505217222,439.0,2,TREND
SOLUSDT,2026-08-26 09:51:00+00:00,0.0013000000000000002,BE_STOP,8.141887755217223,759.0,2,CHOP
XRPUSDT,2026-08-26 09:56:00+00:00,0.0013000000000000002,BE_STOP,8.144569005217223,5.0,2,CHOP
BTCUSDT,2026-08-26 12:30:00+00:00,0.004600000000000001,TP,8.154056505217223,154.0,2,CHOP
BTCUSDT,2026-08-26 12:42:00+00:00,0.0013000000000000002,BE_STOP,8.156737755217224,7.0,2,CHOP
BTCUSDT,2026-08-26 13:20:00+00:00,0.0013000000000000002,BE_STOP,8.159419005217224,38.0,2,CHOP
XRPUSDT,2026-08-26 13:28:00+00:00,0.004600000000000001,TP,8.168906505217224,8.0,2,TREND
BTCUSDT,2026-08-26 15:01:00+00:00,0.0013000000000000002,BE_STOP,8.171587755217224,93.0,2,TREND
ETHUSDT,2026-08-26 15:06:00+00:00,0.0013000000000000002,BE_STOP,8.174269005217225,5.0,2,CHOP
NEARUSDT,2026-08-26 15:16:00+00:00,0.0013000000000000002,BE_STOP,8.176950255217225,10.0,2,CHOP
ETHUSDT,2026-08-27 06:25:00+00:00,-0.011977669806248611,MAX_AGE,8.152246311241838,2880.0,2,CHOP
BTCUSDT,2026-08-28 01:18:00+00:00,-0.0414,MAE_KILL,8.066858811241838,2042.0,2,CHOP
ETHUSDT,2026-08-28 01:34:00+00:00,0.0013000000000000002,BE_STOP,8.069540061241838,15.0,2,TREND
ETHUSDT,2026-08-28 04:10:00+00:00,0.0013000000000000002,BE_STOP,8.072221311241838,1305.0,2,CHOP
BTCUSDT,2026-08-28 10:03:00+00:00,0.004600000000000001,TP,8.081708811241839,353.0,2,CHOP
BTCUSDT,2026-08-28 14:05:00+00:00,0.004600000000000001,TP,8.09119631124184,240.0,2,CHOP
SOLUSDT,2026-08-28 14:14:00+00:00,0.0013000000000000002,BE_STOP,8.09387756124184,9.0,2,CHOP
BTCUSDT,2026-08-28 16:01:00+00:00,0.004600000000000001,TP,8.10336506124184,107.0,2,CHOP
BTCUSDT,2026-08-28 16:12:00+00:00,-0.0414,MAE_KILL,8.01797756124184,878.0,2,TREND
BTCUSDT,2026-08-28 16:17:00+00:00,0.004600000000000001,TP,8.027465061241841,14.0,2,CHOP
ETHUSDT,2026-08-28 16:23:00+00:00,0.004600000000000001,TP,8.036952561241842,11.0,2,CHOP
ETHUSDT,2026-08-28 16:24:00+00:00,0.004600000000000001,TP,8.046440061241842,6.0,2,TREND
SOLUSDT,2026-08-28 18:46:00+00:00,0.004600000000000001,TP,8.055927561241843,141.0,1,CHOP
ETHUSDT,2026-08-28 18:54:00+00:00,0.0013000000000000002,BE_STOP,8.058608811241843,147.0,2,TREND
SOLUSDT,2026-08-28 18:57:00+00:00,0.0013000000000000002,BE_STOP,8.061290061241843,3.0,2,CHOP
BTCUSDT,2026-08-28 19:13:00+00:00,0.0013000000000000002,BE_STOP,8.063971311241843,16.0,2,CHOP
BTCUSDT,2026-08-29 00:11:00+00:00,0.0013000000000000002,BE_STOP,8.066652561241844,298.0,2,CHOP
ETHUSDT,2026-08-29 14:49:00+00:00,0.0013000000000000002,BE_STOP,8.069333811241844,878.0,2,CHOP
BTCUSDT,2026-08-29 19:27:00+00:00,0.0013000000000000002,BE_STOP,8.072015061241844,278.0,2,CHOP
ETHUSDT,2026-08-30 00:21:00+00:00,0.0013000000000000002,BE_STOP,8.074696311241844,294.0,2,CHOP
XRPUSDT,2026-08-30 06:43:00+00:00,0.0013000000000000002,BE_STOP,8.077377561241844,382.0,2,CHOP
BTCUSDT,2026-08-30 12:11:00+00:00,0.004600000000000001,TP,8.086865061241845,328.0,2,CHOP
BTCUSDT,2026-08-30 14:06:00+00:00,0.0013000000000000002,BE_STOP,8.089546311241845,114.0,2,CHOP
SOLUSDT,2026-08-30 14:22:00+00:00,0.0013000000000000002,BE_STOP,8.092227561241845,15.0,2,TREND
ETHUSDT,2026-08-30 15:49:00+00:00,0.0013000000000000002,BE_STOP,8.094908811241845,87.0,2,TREND
BTCUSDT,2026-08-30 18:46:00+00:00,-0.02309975838884537,MAX_AGE,8.047265559564853,2880.0,2,CHOP
NEARUSDT,2026-08-30 18:52:00+00:00,-0.0264,MAE_KILL,7.9928155595648525,183.0,2,CHOP
NEARUSDT,2026-08-30 18:57:00+00:00,0.004600000000000001,TP,8.002303059564852,4.0,2,CHOP
BTCUSDT,2026-08-30 19:54:00+00:00,0.0013000000000000002,BE_STOP,8.004984309564852,56.0,2,CHOP
ETHUSDT,2026-08-30 20:41:00+00:00,0.0013000000000000002,BE_STOP,8.007665559564852,47.0,2,CHOP
BTCUSDT,2026-08-30 20:46:00+00:00,0.0013000000000000002,BE_STOP,8.010346809564853,5.0,2,CHOP
XRPUSDT,2026-08-30 21:01:00+00:00,0.004600000000000001,TP,8.019834309564853,15.0,2,CHOP
ETHUSDT,2026-08-30 22:32:00+00:00,0.0013000000000000002,BE_STOP,8.022515559564853,90.0,2,CHOP
BTCUSDT,2026-08-30 23:18:00+00:00,0.0013000000000000002,BE_STOP,8.025196809564854,46.0,2,CHOP
BTCUSDT,2026-08-30 23:23:00+00:00,0.004600000000000001,TP,8.034684309564854,5.0,2,CHOP
NEARUSDT,2026-08-30 23:28:00+00:00,0.004600000000000001,TP,8.044171809564855,4.0,2,CHOP
ETHUSDT,2026-08-30 23:36:00+00:00,-0.0414,MAE_KILL,7.958784309564854,290.0,2,CHOP
BTCUSDT,2026-08-30 23:37:00+00:00,0.0013000000000000002,BE_STOP,7.9614655595648545,7.0,2,CHOP
ETHUSDT,2026-08-30 23:42:00+00:00,0.0013000000000000002,BE_STOP,7.964146809564855,2.0,2,TREND
BTCUSDT,2026-08-30 23:46:00+00:00,0.004600000000000001,TP,7.973634309564854,10.0,2,TREND
BTCUSDT,2026-08-30 23:47:00+00:00,0.004600000000000001,TP,7.983121809564854,4.0,2,TREND
BTCUSDT,2026-09-01 18:03:00+00:00,0.0013000000000000002,BE_STOP,7.985803059564854,2533.0,2,TREND
NEARUSDT,2026-09-01 18:08:00+00:00,0.004600000000000001,TP,7.995290559564854,4.0,2,CHOP
BTCUSDT,2026-09-01 18:28:00+00:00,0.004600000000000001,TP,8.004778059564854,2560.0,1,TREND
BTCUSDT,2026-09-01 18:28:00+00:00,0.004600000000000001,TP,8.014265559564855,18.0,2,CHOP
ETHUSDT,2026-09-01 18:37:00+00:00,0.004600000000000001,TP,8.023753059564855,8.0,1,CHOP
SOLUSDT,2026-09-01 18:40:00+00:00,0.0013000000000000002,BE_STOP,8.026434309564856,3.0,2,TREND
BTCUSDT,2026-09-01 18:45:00+00:00,0.004600000000000001,TP,8.035921809564856,14.0,2,CHOP
BTCUSDT,2026-09-01 18:49:00+00:00,0.0013000000000000002,BE_STOP,8.038603059564856,9.0,2,CHOP
NEARUSDT,2026-09-01 19:04:00+00:00,0.004600000000000001,TP,8.048090559564857,13.0,2,TREND
BTCUSDT,2026-09-01 19:28:00+00:00,0.0013000000000000002,BE_STOP,8.050771809564857,23.0,2,CHOP
BTCUSDT,2026-09-01 23:51:00+00:00,0.0013000000000000002,BE_STOP,8.053453059564857,263.0,2,CHOP
NEARUSDT,2026-09-02 00:07:00+00:00,0.0013000000000000002,BE_STOP,8.056134309564857,15.0,2,CHOP
BTCUSDT,2026-09-02 00:45:00+00:00,0.0013000000000000002,BE_STOP,8.058815559564858,38.0,2,CHOP
BTCUSDT,2026-09-02 01:50:00+00:00,0.004600000000000001,TP,8.068303059564858,65.0,2,CHOP
SOLUSDT,2026-09-02 09:49:00+00:00,0.0013000000000000002,BE_STOP,8.070984309564858,479.0,2,CHOP
BTCUSDT,2026-09-02 10:52:00+00:00,0.0013000000000000002,BE_STOP,8.073665559564859,966.0,2,TREND
NEARUSDT,2026-09-02 11:39:00+00:00,0.004600000000000001,TP,8.083153059564859,108.0,2,CHOP
SOLUSDT,2026-09-02 12:23:00+00:00,0.0013000000000000002,BE_STOP,8.08583430956486,44.0,2,TREND
NEARUSDT,2026-09-02 13:45:00+00:00,0.004600000000000001,TP,8.09532180956486,82.0,2,CHOP
BTCUSDT,2026-09-03 02:34:00+00:00,0.004600000000000001,TP,8.10480930956486,769.0,2,CHOP
BTCUSDT,2026-09-03 07:09:00+00:00,0.0013000000000000002,BE_STOP,8.10749055956486,274.0,2,CHOP
BTCUSDT,2026-09-03 12:52:00+00:00,0.004600000000000001,TP,8.116978059564861,343.0,2,CHOP
BTCUSDT,2026-09-03 13:48:00+00:00,0.0013000000000000002,BE_STOP,8.119659309564861,52.0,2,CHOP
BTCUSDT,2026-09-03 14:23:00+00:00,0.004600000000000001,TP,8.129146809564862,35.0,2,TREND
BTCUSDT,2026-09-03 14:25:00+00:00,-0.0414,MAE_KILL,8.043759309564862,1653.0,2,TREND
NEARUSDT,2026-09-03 14:32:00+00:00,0.004600000000000001,TP,8.053246809564863,9.0,2,CHOP
SOLUSDT,2026-09-03 14:32:00+00:00,0.004600000000000001,TP,8.062734309564863,7.0,2,CHOP
BTCUSDT,2026-09-03 14:48:00+00:00,0.004600000000000001,TP,8.072221809564864,15.0,1,TREND
ETHUSDT,2026-09-03 14:48:00+00:00,0.004600000000000001,TP,8.081709309564864,13.0,2,TREND
ETHUSDT,2026-09-03 15:00:00+00:00,0.004600000000000001,TP,8.091196809564865,8.0,2,TREND
BTCUSDT,2026-09-03 15:01:00+00:00,0.004600000000000001,TP,8.100684309564866,11.0,1,TREND
NEARUSDT,2026-09-03 15:04:00+00:00,0.004600000000000001,TP,8.110171809564866,4.0,2,TREND
BTCUSDT,2026-09-03 15:45:00+00:00,0.0013000000000000002,BE_STOP,8.112853059564866,39.0,2,TREND
SOLUSDT,2026-09-03 15:50:00+00:00,0.0013000000000000002,BE_STOP,8.115534309564866,5.0,2,TREND
ETHUSDT,2026-09-03 15:52:00+00:00,0.004600000000000001,TP,8.125021809564867,49.0,2,TREND
SOLUSDT,2026-09-03 16:19:00+00:00,0.0013000000000000002,BE_STOP,8.127703059564867,29.0,2,TREND
BTCUSDT,2026-09-03 19:06:00+00:00,0.0013000000000000002,BE_STOP,8.130384309564867,193.0,2,TREND
BTCUSDT,2026-09-03 19:32:00+00:00,0.0013000000000000002,BE_STOP,8.133065559564868,26.0,2,TREND
ETHUSDT,2026-09-03 20:39:00+00:00,0.0013000000000000002,BE_STOP,8.135746809564868,66.0,2,TREND
BTCUSDT,2026-09-03 21:34:00+00:00,0.004600000000000001,TP,8.145234309564868,55.0,2,CHOP
SOLUSDT,2026-09-03 22:34:00+00:00,0.0013000000000000002,BE_STOP,8.147915559564868,375.0,2,TREND
BTCUSDT,2026-09-04 01:28:00+00:00,0.0013000000000000002,BE_STOP,8.150596809564869,174.0,2,CHOP
BTCUSDT,2026-09-04 06:39:00+00:00,0.0013000000000000002,BE_STOP,8.153278059564869,311.0,2,CHOP
BTCUSDT,2026-09-04 08:06:00+00:00,0.0013000000000000002,BE_STOP,8.155959309564869,87.0,2,CHOP
SOLUSDT,2026-09-04 12:30:00+00:00,0.004600000000000001,TP,8.16544680956487,264.0,2,CHOP
ETHUSDT,2026-09-04 12:39:00+00:00,0.0013000000000000002,BE_STOP,8.16812805956487,6.0,2,CHOP
BTCUSDT,2026-09-04 12:45:00+00:00,0.004600000000000001,TP,8.17761555956487,6.0,2,CHOP
BTCUSDT,2026-09-04 13:38:00+00:00,0.0013000000000000002,BE_STOP,8.18029680956487,51.0,2,CHOP
SOLUSDT,2026-09-04 13:53:00+00:00,0.0013000000000000002,BE_STOP,8.18297805956487,15.0,2,CHOP
BTCUSDT,2026-09-04 14:22:00+00:00,0.0013000000000000002,BE_STOP,8.18565930956487,27.0,2,CHOP
BTCUSDT,2026-09-04 14:46:00+00:00,0.0013000000000000002,BE_STOP,8.188340559564871,24.0,2,TREND
BTCUSDT,2026-09-05 21:35:00+00:00,-0.026779390191178844,MAX_AGE,8.133108067295565,2880.0,2,TREND
BTCUSDT,2026-09-06 03:48:00+00:00,0.0013000000000000002,BE_STOP,8.135789317295565,373.0,2,CHOP
BTCUSDT,2026-09-06 14:50:00+00:00,-0.011981560859515428,MAX_AGE,8.111077348022814,2880.0,2,TREND
BTCUSDT,2026-09-06 19:07:00+00:00,0.0013000000000000002,BE_STOP,8.113758598022814,256.0,2,CHOP
SOLUSDT,2026-09-06 19:24:00+00:00,0.0013000000000000002,BE_STOP,8.116439848022814,17.0,2,CHOP
BTCUSDT,2026-09-06 23:06:00+00:00,0.0013000000000000002,BE_STOP,8.119121098022815,1158.0,2,CHOP
BTCUSDT,2026-09-06 23:56:00+00:00,0.0013000000000000002,BE_STOP,8.121802348022815,50.0,2,CHOP
ETHUSDT,2026-09-07 01:44:00+00:00,0.004600000000000001,TP,8.131289848022815,107.0,2,CHOP
BTCUSDT,2026-09-07 03:47:00+00:00,0.0013000000000000002,BE_STOP,8.133971098022815,123.0,2,CHOP
BTCUSDT,2026-09-07 03:48:00+00:00,0.0013000000000000002,BE_STOP,8.136652348022816,504.0,2,CHOP
BTCUSDT,2026-09-07 07:31:00+00:00,0.0013000000000000002,BE_STOP,8.139333598022816,224.0,2,CHOP
BTCUSDT,2026-09-07 07:31:00+00:00,0.0013000000000000002,BE_STOP,8.142014848022816,221.0,2,CHOP
BTCUSDT,2026-09-07 07:41:00+00:00,0.004600000000000001,TP,8.151502348022817,10.0,1,CHOP
ETHUSDT,2026-09-07 07:43:00+00:00,0.0013000000000000002,BE_STOP,8.154183598022817,9.0,2,CHOP
BTCUSDT,2026-09-07 14:22:00+00:00,0.0013000000000000002,BE_STOP,8.156864848022817,398.0,2,CHOP
BTCUSDT,2026-09-07 14:35:00+00:00,0.0013000000000000002,BE_STOP,8.159546098022817,413.0,2,CHOP
BTCUSDT,2026-09-07 15:19:00+00:00,0.0013000000000000002,BE_STOP,8.162227348022817,57.0,2,CHOP
BTCUSDT,2026-09-07 15:19:00+00:00,0.0013000000000000002,BE_STOP,8.164908598022818,44.0,2,CHOP
NEARUSDT,2026-09-07 15:28:00+00:00,0.004600000000000001,TP,8.174396098022818,9.0,1,CHOP
SOLUSDT,2026-09-07 15:33:00+00:00,0.004600000000000001,TP,8.183883598022819,5.0,2,CHOP
XRPUSDT,2026-09-07 15:40:00+00:00,0.004600000000000001,TP,8.19337109802282,7.0,2,CHOP
NEARUSDT,2026-09-07 15:42:00+00:00,0.0013000000000000002,BE_STOP,8.19605234802282,2.0,2,CHOP
ETHUSDT,2026-09-07 17:44:00+00:00,0.0013000000000000002,BE_STOP,8.19873359802282,141.0,2,CHOP
NEARUSDT,2026-09-07 17:50:00+00:00,0.0013000000000000002,BE_STOP,8.20141484802282,5.0,2,CHOP
ETHUSDT,2026-09-08 01:24:00+00:00,0.0013000000000000002,BE_STOP,8.20409609802282,453.0,2,CHOP
BTCUSDT,2026-09-08 06:08:00+00:00,0.0013000000000000002,BE_STOP,8.20677734802282,866.0,2,CHOP
XRPUSDT,2026-09-08 06:23:00+00:00,0.0013000000000000002,BE_STOP,8.20945859802282,15.0,2,CHOP
XRPUSDT,2026-09-08 06:56:00+00:00,0.0013000000000000002,BE_STOP,8.21213984802282,33.0,2,CHOP
BTCUSDT,2026-09-08 13:34:00+00:00,0.0013000000000000002,BE_STOP,8.21482109802282,398.0,2,TREND
ETHUSDT,2026-09-08 13:41:00+00:00,0.004600000000000001,TP,8.224308598022821,7.0,2,CHOP
XRPUSDT,2026-09-08 16:01:00+00:00,-0.0414,MAE_KILL,8.138921098022822,140.0,2,CHOP
SOLUSDT,2026-09-08 16:40:00+00:00,0.004600000000000001,TP,8.148408598022822,39.0,2,CHOP
ETHUSDT,2026-09-09 04:46:00+00:00,0.0013000000000000002,BE_STOP,8.151089848022822,726.0,2,CHOP
BTCUSDT,2026-09-09 05:22:00+00:00,0.0013000000000000002,BE_STOP,8.153771098022823,36.0,2,CHOP
SOLUSDT,2026-09-09 07:07:00+00:00,0.004600000000000001,TP,8.163258598022823,105.0,2,CHOP
BTCUSDT,2026-09-09 08:12:00+00:00,0.0013000000000000002,BE_STOP,8.165939848022823,65.0,2,CHOP
BTCUSDT,2026-09-09 08:24:00+00:00,0.0013000000000000002,BE_STOP,8.168621098022824,1860.0,2,CHOP
BTCUSDT,2026-09-09 08:37:00+00:00,0.0013000000000000002,BE_STOP,8.171302348022824,25.0,2,CHOP
BTCUSDT,2026-09-11 08:24:00+00:00,-0.028415745249581775,MAX_AGE,8.11269487344556,2880.0,2,TREND
ETHUSDT,2026-09-11 08:34:00+00:00,0.0013000000000000002,BE_STOP,8.11537612344556,9.0,2,CHOP
BTCUSDT,2026-09-11 08:37:00+00:00,-0.03003323777195416,MAX_AGE,8.053432570540906,2880.0,2,TREND
BTCUSDT,2026-09-11 12:38:00+00:00,0.0013000000000000002,BE_STOP,8.056113820540906,244.0,2,TREND
BTCUSDT,2026-09-11 12:38:00+00:00,0.0013000000000000002,BE_STOP,8.058795070540906,241.0,2,TREND
BTCUSDT,2026-09-11 12:41:00+00:00,0.0013000000000000002,BE_STOP,8.061476320540907,3.0,1,TREND
BTCUSDT,2026-09-11 12:50:00+00:00,0.005731735937207759,TP,8.073298025911397,10.0,2,TREND
NEARUSDT,2026-09-11 13:05:00+00:00,0.017174297753599084,TP,8.108720015028196,23.0,2,CHOP
ETHUSDT,2026-09-11 13:43:00+00:00,0.004600000000000001,TP,8.118207515028196,37.0,2,CHOP
BTCUSDT,2026-09-11 13:49:00+00:00,0.004600000000000001,TP,8.127695015028197,58.0,2,CHOP
BTCUSDT,2026-09-11 13:49:00+00:00,0.004600000000000001,TP,8.137182515028197,6.0,2,CHOP
BTCUSDT,2026-09-11 13:58:00+00:00,0.004600000000000001,TP,8.146670015028198,8.0,1,CHOP
BTCUSDT,2026-09-11 13:59:00+00:00,0.004600000000000001,TP,8.156157515028198,6.0,2,CHOP
NEARUSDT,2026-09-11 14:03:00+00:00,0.0062032702237521465,TP,8.168951759864687,4.0,1,TREND
BTCUSDT,2026-09-13 14:03:00+00:00,-0.0338316496026799,MAX_AGE,8.09917398255916,2880.0,1,TREND
BTCUSDT,2026-09-13 14:05:00+00:00,-0.03310570972428572,MAX_AGE,8.030893456252821,2880.0,2,TREND
BTCUSDT,2026-09-13 14:19:00+00:00,0.0013000000000000002,BE_STOP,8.033574706252821,16.0,2,CHOP
NEARUSDT,2026-09-13 14:19:00+00:00,0.0013000000000000002,BE_STOP,8.036255956252822,13.0,2,CHOP
BTCUSDT,2026-09-13 16:46:00+00:00,0.0013000000000000002,BE_STOP,8.038937206252822,143.0,2,CHOP
BTCUSDT,2026-09-13 16:48:00+00:00,0.0013000000000000002,BE_STOP,8.041618456252822,147.0,1,CHOP
NEARUSDT,2026-09-13 16:58:00+00:00,0.004600000000000001,TP,8.051105956252822,12.0,2,CHOP
ETHUSDT,2026-09-13 17:14:00+00:00,0.0013000000000000002,BE_STOP,8.053787206252823,26.0,2,CHOP
SOLUSDT,2026-09-13 19:09:00+00:00,0.0013000000000000002,BE_STOP,8.056468456252823,115.0,2,TREND
BTCUSDT,2026-09-13 22:06:00+00:00,0.004600000000000001,TP,8.065955956252823,176.0,2,TREND
BTCUSDT,2026-09-14 00:01:00+00:00,0.0013000000000000002,BE_STOP,8.068637206252824,114.0,2,CHOP
SOLUSDT,2026-09-14 00:30:00+00:00,0.0013000000000000002,BE_STOP,8.071318456252824,29.0,2,TREND
BTCUSDT,2026-09-14 02:39:00+00:00,0.0013000000000000002,BE_STOP,8.073999706252824,581.0,2,TREND
BTCUSDT,2026-09-14 12:05:00+00:00,-0.017613885858737688,EOD,8.037671066669178,0.0,2,CHOP
ETHUSDT,2026-09-14 12:05:00+00:00,-0.004995137167079995,EOD,8.027368596262075,0.0,2,CHOP
